request_id,scenario,expected_item_count,status,error_reason,latency_ms,started_at_unix,ended_at_unix,started_at_iso,ended_at_iso,http_status,response_item_count,response_label_count,timeout_s,error_excerpt
0,medium,30,ok,,121.706,1771039768.762165,1771039768.883872,2026-02-14T03:29:28.762165+00:00,2026-02-14T03:29:28.883872+00:00,200,30,2,180.0,
1,small,3,ok,,12726.538,1771039770.672322,1771039783.39886,2026-02-14T03:29:30.672322+00:00,2026-02-14T03:29:43.398860+00:00,200,3,2,180.0,
2,large,500,ok,,74555.605,1771039771.377465,1771039845.93307,2026-02-14T03:29:31.377465+00:00,2026-02-14T03:30:45.933070+00:00,200,500,2,180.0,
3,large,500,ok,,62581.661,1771039783.399255,1771039845.980916,2026-02-14T03:29:43.399255+00:00,2026-02-14T03:30:45.980916+00:00,200,500,2,180.0,
4,small,3,ok,,69.544,1771039845.93344,1771039846.002985,2026-02-14T03:30:45.933440+00:00,2026-02-14T03:30:46.002985+00:00,200,3,2,180.0,
5,small,3,ok,,63.565,1771039845.981185,1771039846.044751,2026-02-14T03:30:45.981185+00:00,2026-02-14T03:30:46.044751+00:00,200,3,2,180.0,
6,medium,30,ok,,129.605,1771039846.003254,1771039846.132859,2026-02-14T03:30:46.003254+00:00,2026-02-14T03:30:46.132859+00:00,200,30,2,180.0,
7,medium,30,ok,,133.832,1771039846.045033,1771039846.178865,2026-02-14T03:30:46.045033+00:00,2026-02-14T03:30:46.178865+00:00,200,30,2,180.0,
8,small,3,ok,,67.149,1771039846.133199,1771039846.200347,2026-02-14T03:30:46.133199+00:00,2026-02-14T03:30:46.200347+00:00,200,3,2,180.0,
9,small,3,ok,,64.106,1771039846.179133,1771039846.243239,2026-02-14T03:30:46.179133+00:00,2026-02-14T03:30:46.243239+00:00,200,3,2,180.0,
11,small,3,ok,,68.694,1771039846.243506,1771039846.3122,2026-02-14T03:30:46.243506+00:00,2026-02-14T03:30:46.312200+00:00,200,3,2,180.0,
10,medium,30,ok,,138.692,1771039846.200598,1771039846.33929,2026-02-14T03:30:46.200598+00:00,2026-02-14T03:30:46.339290+00:00,200,30,2,180.0,
12,small,3,ok,,70.752,1771039846.312483,1771039846.383235,2026-02-14T03:30:46.312483+00:00,2026-02-14T03:30:46.383235+00:00,200,3,2,180.0,
13,medium,30,ok,,134.472,1771039846.339576,1771039846.474048,2026-02-14T03:30:46.339576+00:00,2026-02-14T03:30:46.474048+00:00,200,30,2,180.0,
14,medium,30,ok,,137.569,1771039846.38351,1771039846.521078,2026-02-14T03:30:46.383510+00:00,2026-02-14T03:30:46.521078+00:00,200,30,2,180.0,
15,small,3,ok,,68.414,1771039846.474323,1771039846.542737,2026-02-14T03:30:46.474323+00:00,2026-02-14T03:30:46.542737+00:00,200,3,2,180.0,
16,small,3,ok,,64.368,1771039846.52134,1771039846.585707,2026-02-14T03:30:46.521340+00:00,2026-02-14T03:30:46.585707+00:00,200,3,2,180.0,
17,small,3,ok,,65.342,1771039846.542989,1771039846.60833,2026-02-14T03:30:46.542989+00:00,2026-02-14T03:30:46.608330+00:00,200,3,2,180.0,
18,small,3,ok,,65.322,1771039846.585988,1771039846.65131,2026-02-14T03:30:46.585988+00:00,2026-02-14T03:30:46.651310+00:00,200,3,2,180.0,
19,medium,30,ok,,131.149,1771039846.608552,1771039846.739701,2026-02-14T03:30:46.608552+00:00,2026-02-14T03:30:46.739701+00:00,200,30,2,180.0,
20,medium,30,ok,,135.636,1771039846.651551,1771039846.787187,2026-02-14T03:30:46.651551+00:00,2026-02-14T03:30:46.787187+00:00,200,30,2,180.0,
21,small,3,ok,,69.267,1771039846.740005,1771039846.809272,2026-02-14T03:30:46.740005+00:00,2026-02-14T03:30:46.809272+00:00,200,3,2,180.0,
22,small,3,ok,,64.563,1771039846.787443,1771039846.852006,2026-02-14T03:30:46.787443+00:00,2026-02-14T03:30:46.852006+00:00,200,3,2,180.0,
23,small,3,ok,,64.34,1771039846.809509,1771039846.873848,2026-02-14T03:30:46.809509+00:00,2026-02-14T03:30:46.873848+00:00,200,3,2,180.0,
25,small,3,ok,,67.915,1771039846.87408,1771039846.941995,2026-02-14T03:30:46.874080+00:00,2026-02-14T03:30:46.941995+00:00,200,3,2,180.0,
24,medium,30,ok,,135.837,1771039846.852254,1771039846.988091,2026-02-14T03:30:46.852254+00:00,2026-02-14T03:30:46.988091+00:00,200,30,2,180.0,
26,medium,30,ok,,134.941,1771039846.942261,1771039847.077201,2026-02-14T03:30:46.942261+00:00,2026-02-14T03:30:47.077201+00:00,200,30,2,180.0,
27,medium,30,ok,,135.349,1771039846.988347,1771039847.123696,2026-02-14T03:30:46.988347+00:00,2026-02-14T03:30:47.123696+00:00,200,30,2,180.0,
28,small,3,ok,,69.832,1771039847.077477,1771039847.147309,2026-02-14T03:30:47.077477+00:00,2026-02-14T03:30:47.147309+00:00,200,3,2,180.0,
30,medium,30,ok,,142.157,1771039847.147532,1771039847.289688,2026-02-14T03:30:47.147532+00:00,2026-02-14T03:30:47.289688+00:00,200,30,2,180.0,
31,small,3,ok,,71.481,1771039847.290004,1771039847.361484,2026-02-14T03:30:47.290004+00:00,2026-02-14T03:30:47.361484+00:00,200,3,2,180.0,
32,medium,30,ok,,146.282,1771039847.361754,1771039847.508036,2026-02-14T03:30:47.361754+00:00,2026-02-14T03:30:47.508036+00:00,200,30,2,180.0,
29,large,500,ok,,1563.593,1771039847.123966,1771039848.687559,2026-02-14T03:30:47.123966+00:00,2026-02-14T03:30:48.687559+00:00,200,500,2,180.0,
34,small,3,ok,,75.117,1771039848.687846,1771039848.762963,2026-02-14T03:30:48.687846+00:00,2026-02-14T03:30:48.762963+00:00,200,3,2,180.0,
35,small,3,ok,,70.284,1771039848.76322,1771039848.833503,2026-02-14T03:30:48.763220+00:00,2026-02-14T03:30:48.833503+00:00,200,3,2,180.0,
33,large,500,ok,,1529.271,1771039847.508314,1771039849.037585,2026-02-14T03:30:47.508314+00:00,2026-02-14T03:30:49.037585+00:00,200,500,2,180.0,
37,small,3,ok,,71.244,1771039849.03786,1771039849.109104,2026-02-14T03:30:49.037860+00:00,2026-02-14T03:30:49.109104+00:00,200,3,2,180.0,
36,large,500,ok,,1583.468,1771039848.833748,1771039850.417216,2026-02-14T03:30:48.833748+00:00,2026-02-14T03:30:50.417216+00:00,200,500,2,180.0,
38,large,500,ok,,1592.056,1771039849.109346,1771039850.701402,2026-02-14T03:30:49.109346+00:00,2026-02-14T03:30:50.701402+00:00,200,500,2,180.0,
40,small,3,ok,,75.4,1771039850.701681,1771039850.77708,2026-02-14T03:30:50.701681+00:00,2026-02-14T03:30:50.777080+00:00,200,3,2,180.0,
41,medium,30,ok,,144.236,1771039850.777357,1771039850.921593,2026-02-14T03:30:50.777357+00:00,2026-02-14T03:30:50.921593+00:00,200,30,2,180.0,
42,medium,30,ok,,145.466,1771039850.921861,1771039851.067327,2026-02-14T03:30:50.921861+00:00,2026-02-14T03:30:51.067327+00:00,200,30,2,180.0,
39,large,500,ok,,1531.888,1771039850.417505,1771039851.949392,2026-02-14T03:30:50.417505+00:00,2026-02-14T03:30:51.949392+00:00,200,500,2,180.0,
44,medium,30,ok,,145.136,1771039851.949679,1771039852.094814,2026-02-14T03:30:51.949679+00:00,2026-02-14T03:30:52.094814+00:00,200,30,2,180.0,
43,large,500,ok,,1535.344,1771039851.067592,1771039852.602935,2026-02-14T03:30:51.067592+00:00,2026-02-14T03:30:52.602935+00:00,200,500,2,180.0,
46,medium,30,ok,,147.084,1771039852.603243,1771039852.750327,2026-02-14T03:30:52.603243+00:00,2026-02-14T03:30:52.750327+00:00,200,30,2,180.0,
47,small,3,ok,,70.408,1771039852.750626,1771039852.821034,2026-02-14T03:30:52.750626+00:00,2026-02-14T03:30:52.821034+00:00,200,3,2,180.0,
48,medium,30,ok,,145.182,1771039852.821311,1771039852.966492,2026-02-14T03:30:52.821311+00:00,2026-02-14T03:30:52.966492+00:00,200,30,2,180.0,
49,small,3,ok,,70.729,1771039852.966784,1771039853.037513,2026-02-14T03:30:52.966784+00:00,2026-02-14T03:30:53.037513+00:00,200,3,2,180.0,
50,medium,30,ok,,145.409,1771039853.037808,1771039853.183217,2026-02-14T03:30:53.037808+00:00,2026-02-14T03:30:53.183217+00:00,200,30,2,180.0,
45,large,500,ok,,1548.604,1771039852.095104,1771039853.643708,2026-02-14T03:30:52.095104+00:00,2026-02-14T03:30:53.643708+00:00,200,500,2,180.0,
52,small,3,ok,,76.31,1771039853.644049,1771039853.720358,2026-02-14T03:30:53.644049+00:00,2026-02-14T03:30:53.720358+00:00,200,3,2,180.0,
53,small,3,ok,,70.25,1771039853.720648,1771039853.790897,2026-02-14T03:30:53.720648+00:00,2026-02-14T03:30:53.790897+00:00,200,3,2,180.0,
54,medium,30,ok,,144.221,1771039853.791187,1771039853.935407,2026-02-14T03:30:53.791187+00:00,2026-02-14T03:30:53.935407+00:00,200,30,2,180.0,
55,medium,30,ok,,147.092,1771039853.935699,1771039854.082791,2026-02-14T03:30:53.935699+00:00,2026-02-14T03:30:54.082791+00:00,200,30,2,180.0,
51,large,500,ok,,1526.551,1771039853.183507,1771039854.710058,2026-02-14T03:30:53.183507+00:00,2026-02-14T03:30:54.710058+00:00,200,500,2,180.0,
57,small,3,ok,,70.306,1771039854.710382,1771039854.780688,2026-02-14T03:30:54.710382+00:00,2026-02-14T03:30:54.780688+00:00,200,3,2,180.0,
58,small,3,ok,,67.837,1771039854.780996,1771039854.848833,2026-02-14T03:30:54.780996+00:00,2026-02-14T03:30:54.848833+00:00,200,3,2,180.0,
59,medium,30,ok,,145.243,1771039854.849115,1771039854.994358,2026-02-14T03:30:54.849115+00:00,2026-02-14T03:30:54.994358+00:00,200,30,2,180.0,
60,medium,30,ok,,144.558,1771039854.994661,1771039855.139218,2026-02-14T03:30:54.994661+00:00,2026-02-14T03:30:55.139218+00:00,200,30,2,180.0,
61,medium,30,ok,,146.934,1771039855.139503,1771039855.286437,2026-02-14T03:30:55.139503+00:00,2026-02-14T03:30:55.286437+00:00,200,30,2,180.0,
62,small,3,ok,,70.541,1771039855.286725,1771039855.357266,2026-02-14T03:30:55.286725+00:00,2026-02-14T03:30:55.357266+00:00,200,3,2,180.0,
63,small,3,ok,,69.59,1771039855.357531,1771039855.427121,2026-02-14T03:30:55.357531+00:00,2026-02-14T03:30:55.427121+00:00,200,3,2,180.0,
56,large,500,ok,,1546.416,1771039854.083085,1771039855.629501,2026-02-14T03:30:54.083085+00:00,2026-02-14T03:30:55.629501+00:00,200,500,2,180.0,
65,medium,30,ok,,145.458,1771039855.62981,1771039855.775268,2026-02-14T03:30:55.629810+00:00,2026-02-14T03:30:55.775268+00:00,200,30,2,180.0,
66,small,3,ok,,70.896,1771039855.775552,1771039855.846448,2026-02-14T03:30:55.775552+00:00,2026-02-14T03:30:55.846448+00:00,200,3,2,180.0,
67,medium,30,ok,,144.079,1771039855.846725,1771039855.990803,2026-02-14T03:30:55.846725+00:00,2026-02-14T03:30:55.990803+00:00,200,30,2,180.0,
68,small,3,ok,,70.241,1771039855.991108,1771039856.061349,2026-02-14T03:30:55.991108+00:00,2026-02-14T03:30:56.061349+00:00,200,3,2,180.0,
69,medium,30,ok,,145.891,1771039856.061632,1771039856.207523,2026-02-14T03:30:56.061632+00:00,2026-02-14T03:30:56.207523+00:00,200,30,2,180.0,
70,small,3,ok,,70.646,1771039856.207815,1771039856.278461,2026-02-14T03:30:56.207815+00:00,2026-02-14T03:30:56.278461+00:00,200,3,2,180.0,
71,medium,30,ok,,147.03,1771039856.278729,1771039856.425758,2026-02-14T03:30:56.278729+00:00,2026-02-14T03:30:56.425758+00:00,200,30,2,180.0,
72,small,3,ok,,71.214,1771039856.426058,1771039856.497272,2026-02-14T03:30:56.426058+00:00,2026-02-14T03:30:56.497272+00:00,200,3,2,180.0,
73,small,3,ok,,69.703,1771039856.497543,1771039856.567246,2026-02-14T03:30:56.497543+00:00,2026-02-14T03:30:56.567246+00:00,200,3,2,180.0,
74,medium,30,ok,,143.47,1771039856.56752,1771039856.71099,2026-02-14T03:30:56.567520+00:00,2026-02-14T03:30:56.710990+00:00,200,30,2,180.0,
75,medium,30,ok,,141.614,1771039856.711277,1771039856.852891,2026-02-14T03:30:56.711277+00:00,2026-02-14T03:30:56.852891+00:00,200,30,2,180.0,
64,large,500,ok,,1554.787,1771039855.427385,1771039856.982172,2026-02-14T03:30:55.427385+00:00,2026-02-14T03:30:56.982172+00:00,200,500,2,180.0,
77,medium,30,ok,,140.578,1771039856.98247,1771039857.123048,2026-02-14T03:30:56.982470+00:00,2026-02-14T03:30:57.123048+00:00,200,30,2,180.0,
78,small,3,ok,,70.508,1771039857.123332,1771039857.19384,2026-02-14T03:30:57.123332+00:00,2026-02-14T03:30:57.193840+00:00,200,3,2,180.0,
79,medium,30,ok,,142.29,1771039857.194118,1771039857.336407,2026-02-14T03:30:57.194118+00:00,2026-02-14T03:30:57.336407+00:00,200,30,2,180.0,
76,large,500,ok,,1170.069,1771039856.853187,1771039858.023256,2026-02-14T03:30:56.853187+00:00,2026-02-14T03:30:58.023256+00:00,200,500,2,180.0,
