request_id,scenario,expected_item_count,status,error_reason,latency_ms,started_at_unix,ended_at_unix,started_at_iso,ended_at_iso,http_status,response_item_count,response_label_count,timeout_s,error_excerpt
0,medium,30,error,connection_error,19.245,1771068110.073557,1771068110.092803,2026-02-14T11:21:50.073557+00:00,2026-02-14T11:21:50.092803+00:00,,,,180.0,[Errno 111] Connection refused
1,small,3,error,connection_error,0.498,1771068110.454712,1771068110.455211,2026-02-14T11:21:50.454712+00:00,2026-02-14T11:21:50.455211+00:00,,,,180.0,[Errno 111] Connection refused
2,large,500,error,connection_error,1.106,1771068110.595845,1771068110.596952,2026-02-14T11:21:50.595845+00:00,2026-02-14T11:21:50.596952+00:00,,,,180.0,[Errno 111] Connection refused
3,large,500,error,connection_error,1.011,1771068110.670474,1771068110.671485,2026-02-14T11:21:50.670474+00:00,2026-02-14T11:21:50.671485+00:00,,,,180.0,[Errno 111] Connection refused
4,small,3,error,connection_error,0.343,1771068110.714952,1771068110.715296,2026-02-14T11:21:50.714952+00:00,2026-02-14T11:21:50.715296+00:00,,,,180.0,[Errno 111] Connection refused
5,small,3,error,connection_error,0.325,1771068110.737687,1771068110.738012,2026-02-14T11:21:50.737687+00:00,2026-02-14T11:21:50.738012+00:00,,,,180.0,[Errno 111] Connection refused
6,medium,30,error,connection_error,0.469,1771068110.816493,1771068110.816962,2026-02-14T11:21:50.816493+00:00,2026-02-14T11:21:50.816962+00:00,,,,180.0,[Errno 111] Connection refused
7,medium,30,error,connection_error,0.482,1771068111.012786,1771068111.013268,2026-02-14T11:21:51.012786+00:00,2026-02-14T11:21:51.013268+00:00,,,,180.0,[Errno 111] Connection refused
8,small,3,error,connection_error,0.313,1771068111.033668,1771068111.033981,2026-02-14T11:21:51.033668+00:00,2026-02-14T11:21:51.033981+00:00,,,,180.0,[Errno 111] Connection refused
9,small,3,error,connection_error,0.408,1771068111.384739,1771068111.385149,2026-02-14T11:21:51.384739+00:00,2026-02-14T11:21:51.385149+00:00,,,,180.0,[Errno 111] Connection refused
10,medium,30,error,connection_error,0.486,1771068111.499719,1771068111.500205,2026-02-14T11:21:51.499719+00:00,2026-02-14T11:21:51.500205+00:00,,,,180.0,[Errno 111] Connection refused
11,small,3,error,connection_error,0.426,1771068111.582793,1771068111.58322,2026-02-14T11:21:51.582793+00:00,2026-02-14T11:21:51.583220+00:00,,,,180.0,[Errno 111] Connection refused
12,small,3,error,connection_error,0.33,1771068111.616653,1771068111.616984,2026-02-14T11:21:51.616653+00:00,2026-02-14T11:21:51.616984+00:00,,,,180.0,[Errno 111] Connection refused
13,medium,30,error,connection_error,0.491,1771068111.904727,1771068111.905219,2026-02-14T11:21:51.904727+00:00,2026-02-14T11:21:51.905219+00:00,,,,180.0,[Errno 111] Connection refused
14,medium,30,error,connection_error,0.452,1771068112.490318,1771068112.49077,2026-02-14T11:21:52.490318+00:00,2026-02-14T11:21:52.490770+00:00,,,,180.0,[Errno 111] Connection refused
15,small,3,error,connection_error,0.295,1771068112.507207,1771068112.507502,2026-02-14T11:21:52.507207+00:00,2026-02-14T11:21:52.507502+00:00,,,,180.0,[Errno 111] Connection refused
16,small,3,error,connection_error,0.421,1771068112.629019,1771068112.629441,2026-02-14T11:21:52.629019+00:00,2026-02-14T11:21:52.629441+00:00,,,,180.0,[Errno 111] Connection refused
17,small,3,error,connection_error,0.444,1771068112.810132,1771068112.810576,2026-02-14T11:21:52.810132+00:00,2026-02-14T11:21:52.810576+00:00,,,,180.0,[Errno 111] Connection refused
18,small,3,error,connection_error,0.331,1771068112.835224,1771068112.835555,2026-02-14T11:21:52.835224+00:00,2026-02-14T11:21:52.835555+00:00,,,,180.0,[Errno 111] Connection refused
19,medium,30,error,connection_error,0.503,1771068113.468592,1771068113.469095,2026-02-14T11:21:53.468592+00:00,2026-02-14T11:21:53.469095+00:00,,,,180.0,[Errno 111] Connection refused
20,medium,30,error,connection_error,0.459,1771068113.668725,1771068113.669184,2026-02-14T11:21:53.668725+00:00,2026-02-14T11:21:53.669184+00:00,,,,180.0,[Errno 111] Connection refused
21,small,3,error,connection_error,0.411,1771068114.13913,1771068114.139543,2026-02-14T11:21:54.139130+00:00,2026-02-14T11:21:54.139543+00:00,,,,180.0,[Errno 111] Connection refused
22,small,3,error,connection_error,0.397,1771068114.541493,1771068114.54189,2026-02-14T11:21:54.541493+00:00,2026-02-14T11:21:54.541890+00:00,,,,180.0,[Errno 111] Connection refused
23,small,3,error,connection_error,0.43,1771068115.208116,1771068115.208547,2026-02-14T11:21:55.208116+00:00,2026-02-14T11:21:55.208547+00:00,,,,180.0,[Errno 111] Connection refused
24,medium,30,error,connection_error,0.44,1771068115.607401,1771068115.607842,2026-02-14T11:21:55.607401+00:00,2026-02-14T11:21:55.607842+00:00,,,,180.0,[Errno 111] Connection refused
25,small,3,error,connection_error,0.384,1771068116.227962,1771068116.228347,2026-02-14T11:21:56.227962+00:00,2026-02-14T11:21:56.228347+00:00,,,,180.0,[Errno 111] Connection refused
26,medium,30,error,connection_error,0.409,1771068116.268819,1771068116.269228,2026-02-14T11:21:56.268819+00:00,2026-02-14T11:21:56.269228+00:00,,,,180.0,[Errno 111] Connection refused
27,medium,30,error,connection_error,0.473,1771068116.354731,1771068116.355205,2026-02-14T11:21:56.354731+00:00,2026-02-14T11:21:56.355205+00:00,,,,180.0,[Errno 111] Connection refused
28,small,3,error,connection_error,0.404,1771068116.721031,1771068116.721436,2026-02-14T11:21:56.721031+00:00,2026-02-14T11:21:56.721436+00:00,,,,180.0,[Errno 111] Connection refused
29,large,500,error,connection_error,1.991,1771068116.860092,1771068116.862083,2026-02-14T11:21:56.860092+00:00,2026-02-14T11:21:56.862083+00:00,,,,180.0,[Errno 111] Connection refused
30,medium,30,error,connection_error,0.486,1771068117.053787,1771068117.054274,2026-02-14T11:21:57.053787+00:00,2026-02-14T11:21:57.054274+00:00,,,,180.0,[Errno 111] Connection refused
31,small,3,error,connection_error,0.374,1771068117.349045,1771068117.349419,2026-02-14T11:21:57.349045+00:00,2026-02-14T11:21:57.349419+00:00,,,,180.0,[Errno 111] Connection refused
32,medium,30,error,connection_error,0.425,1771068117.459001,1771068117.459427,2026-02-14T11:21:57.459001+00:00,2026-02-14T11:21:57.459427+00:00,,,,180.0,[Errno 111] Connection refused
33,large,500,error,connection_error,0.969,1771068117.463793,1771068117.464762,2026-02-14T11:21:57.463793+00:00,2026-02-14T11:21:57.464762+00:00,,,,180.0,[Errno 111] Connection refused
34,small,3,error,connection_error,0.286,1771068117.494127,1771068117.494413,2026-02-14T11:21:57.494127+00:00,2026-02-14T11:21:57.494413+00:00,,,,180.0,[Errno 111] Connection refused
35,small,3,error,connection_error,0.371,1771068117.741118,1771068117.74149,2026-02-14T11:21:57.741118+00:00,2026-02-14T11:21:57.741490+00:00,,,,180.0,[Errno 111] Connection refused
36,large,500,error,connection_error,1.06,1771068118.072288,1771068118.073349,2026-02-14T11:21:58.072288+00:00,2026-02-14T11:21:58.073349+00:00,,,,180.0,[Errno 111] Connection refused
37,small,3,error,connection_error,0.254,1771068118.078749,1771068118.079003,2026-02-14T11:21:58.078749+00:00,2026-02-14T11:21:58.079003+00:00,,,,180.0,[Errno 111] Connection refused
38,large,500,error,connection_error,0.98,1771068118.136411,1771068118.137392,2026-02-14T11:21:58.136411+00:00,2026-02-14T11:21:58.137392+00:00,,,,180.0,[Errno 111] Connection refused
39,large,500,error,connection_error,1.032,1771068118.400152,1771068118.401185,2026-02-14T11:21:58.400152+00:00,2026-02-14T11:21:58.401185+00:00,,,,180.0,[Errno 111] Connection refused
40,small,3,error,connection_error,0.386,1771068118.464714,1771068118.465101,2026-02-14T11:21:58.464714+00:00,2026-02-14T11:21:58.465101+00:00,,,,180.0,[Errno 111] Connection refused
41,medium,30,error,connection_error,0.668,1771068118.588648,1771068118.589316,2026-02-14T11:21:58.588648+00:00,2026-02-14T11:21:58.589316+00:00,,,,180.0,[Errno 111] Connection refused
42,medium,30,error,connection_error,0.46,1771068118.772961,1771068118.773422,2026-02-14T11:21:58.772961+00:00,2026-02-14T11:21:58.773422+00:00,,,,180.0,[Errno 111] Connection refused
43,large,500,error,connection_error,1.017,1771068118.991091,1771068118.992108,2026-02-14T11:21:58.991091+00:00,2026-02-14T11:21:58.992108+00:00,,,,180.0,[Errno 111] Connection refused
44,medium,30,error,connection_error,0.372,1771068119.030553,1771068119.030925,2026-02-14T11:21:59.030553+00:00,2026-02-14T11:21:59.030925+00:00,,,,180.0,[Errno 111] Connection refused
45,large,500,error,connection_error,0.996,1771068119.268597,1771068119.269594,2026-02-14T11:21:59.268597+00:00,2026-02-14T11:21:59.269594+00:00,,,,180.0,[Errno 111] Connection refused
46,medium,30,error,connection_error,0.415,1771068119.345097,1771068119.345512,2026-02-14T11:21:59.345097+00:00,2026-02-14T11:21:59.345512+00:00,,,,180.0,[Errno 111] Connection refused
47,small,3,error,connection_error,0.43,1771068119.718398,1771068119.718828,2026-02-14T11:21:59.718398+00:00,2026-02-14T11:21:59.718828+00:00,,,,180.0,[Errno 111] Connection refused
48,medium,30,error,connection_error,0.487,1771068119.81646,1771068119.816947,2026-02-14T11:21:59.816460+00:00,2026-02-14T11:21:59.816947+00:00,,,,180.0,[Errno 111] Connection refused
49,small,3,error,connection_error,0.257,1771068119.825317,1771068119.825574,2026-02-14T11:21:59.825317+00:00,2026-02-14T11:21:59.825574+00:00,,,,180.0,[Errno 111] Connection refused
50,medium,30,error,connection_error,0.442,1771068120.109246,1771068120.109688,2026-02-14T11:22:00.109246+00:00,2026-02-14T11:22:00.109688+00:00,,,,180.0,[Errno 111] Connection refused
51,large,500,error,connection_error,1.001,1771068120.279374,1771068120.280375,2026-02-14T11:22:00.279374+00:00,2026-02-14T11:22:00.280375+00:00,,,,180.0,[Errno 111] Connection refused
52,small,3,error,connection_error,0.437,1771068120.569155,1771068120.569593,2026-02-14T11:22:00.569155+00:00,2026-02-14T11:22:00.569593+00:00,,,,180.0,[Errno 111] Connection refused
53,small,3,error,connection_error,0.439,1771068120.570989,1771068120.571428,2026-02-14T11:22:00.570989+00:00,2026-02-14T11:22:00.571428+00:00,,,,180.0,[Errno 111] Connection refused
54,medium,30,error,connection_error,0.447,1771068120.816115,1771068120.816563,2026-02-14T11:22:00.816115+00:00,2026-02-14T11:22:00.816563+00:00,,,,180.0,[Errno 111] Connection refused
55,medium,30,error,connection_error,0.319,1771068120.840009,1771068120.840328,2026-02-14T11:22:00.840009+00:00,2026-02-14T11:22:00.840328+00:00,,,,180.0,[Errno 111] Connection refused
56,large,500,error,connection_error,0.972,1771068121.077978,1771068121.07895,2026-02-14T11:22:01.077978+00:00,2026-02-14T11:22:01.078950+00:00,,,,180.0,[Errno 111] Connection refused
57,small,3,error,connection_error,0.427,1771068121.365724,1771068121.366153,2026-02-14T11:22:01.365724+00:00,2026-02-14T11:22:01.366153+00:00,,,,180.0,[Errno 111] Connection refused
58,small,3,error,connection_error,0.379,1771068121.603991,1771068121.60437,2026-02-14T11:22:01.603991+00:00,2026-02-14T11:22:01.604370+00:00,,,,180.0,[Errno 111] Connection refused
59,medium,30,error,connection_error,0.473,1771068122.342628,1771068122.343102,2026-02-14T11:22:02.342628+00:00,2026-02-14T11:22:02.343102+00:00,,,,180.0,[Errno 111] Connection refused
60,medium,30,error,connection_error,0.466,1771068122.560808,1771068122.561274,2026-02-14T11:22:02.560808+00:00,2026-02-14T11:22:02.561274+00:00,,,,180.0,[Errno 111] Connection refused
61,medium,30,error,connection_error,0.281,1771068122.563657,1771068122.563938,2026-02-14T11:22:02.563657+00:00,2026-02-14T11:22:02.563938+00:00,,,,180.0,[Errno 111] Connection refused
62,small,3,error,connection_error,0.414,1771068122.770552,1771068122.770967,2026-02-14T11:22:02.770552+00:00,2026-02-14T11:22:02.770967+00:00,,,,180.0,[Errno 111] Connection refused
63,small,3,error,connection_error,0.36,1771068122.826461,1771068122.826822,2026-02-14T11:22:02.826461+00:00,2026-02-14T11:22:02.826822+00:00,,,,180.0,[Errno 111] Connection refused
64,large,500,error,connection_error,1.008,1771068122.915334,1771068122.916342,2026-02-14T11:22:02.915334+00:00,2026-02-14T11:22:02.916342+00:00,,,,180.0,[Errno 111] Connection refused
65,medium,30,error,connection_error,0.654,1771068123.04902,1771068123.049675,2026-02-14T11:22:03.049020+00:00,2026-02-14T11:22:03.049675+00:00,,,,180.0,[Errno 111] Connection refused
66,small,3,error,connection_error,0.367,1771068123.101189,1771068123.101557,2026-02-14T11:22:03.101189+00:00,2026-02-14T11:22:03.101557+00:00,,,,180.0,[Errno 111] Connection refused
67,medium,30,error,connection_error,0.417,1771068123.182095,1771068123.182512,2026-02-14T11:22:03.182095+00:00,2026-02-14T11:22:03.182512+00:00,,,,180.0,[Errno 111] Connection refused
68,small,3,error,connection_error,0.374,1771068123.256071,1771068123.256445,2026-02-14T11:22:03.256071+00:00,2026-02-14T11:22:03.256445+00:00,,,,180.0,[Errno 111] Connection refused
69,medium,30,error,connection_error,0.299,1771068123.263841,1771068123.264141,2026-02-14T11:22:03.263841+00:00,2026-02-14T11:22:03.264141+00:00,,,,180.0,[Errno 111] Connection refused
70,small,3,error,connection_error,0.435,1771068123.853229,1771068123.853664,2026-02-14T11:22:03.853229+00:00,2026-02-14T11:22:03.853664+00:00,,,,180.0,[Errno 111] Connection refused
71,medium,30,error,connection_error,0.363,1771068123.902146,1771068123.902509,2026-02-14T11:22:03.902146+00:00,2026-02-14T11:22:03.902509+00:00,,,,180.0,[Errno 111] Connection refused
72,small,3,error,connection_error,0.398,1771068124.182277,1771068124.182675,2026-02-14T11:22:04.182277+00:00,2026-02-14T11:22:04.182675+00:00,,,,180.0,[Errno 111] Connection refused
73,small,3,error,connection_error,0.414,1771068124.407444,1771068124.407858,2026-02-14T11:22:04.407444+00:00,2026-02-14T11:22:04.407858+00:00,,,,180.0,[Errno 111] Connection refused
74,medium,30,error,connection_error,0.471,1771068124.579598,1771068124.58007,2026-02-14T11:22:04.579598+00:00,2026-02-14T11:22:04.580070+00:00,,,,180.0,[Errno 111] Connection refused
75,medium,30,error,connection_error,0.436,1771068124.903944,1771068124.90438,2026-02-14T11:22:04.903944+00:00,2026-02-14T11:22:04.904380+00:00,,,,180.0,[Errno 111] Connection refused
76,large,500,error,connection_error,1.003,1771068125.050055,1771068125.051059,2026-02-14T11:22:05.050055+00:00,2026-02-14T11:22:05.051059+00:00,,,,180.0,[Errno 111] Connection refused
77,medium,30,error,connection_error,0.672,1771068125.222711,1771068125.223382,2026-02-14T11:22:05.222711+00:00,2026-02-14T11:22:05.223382+00:00,,,,180.0,[Errno 111] Connection refused
78,small,3,error,connection_error,0.397,1771068125.325015,1771068125.325413,2026-02-14T11:22:05.325015+00:00,2026-02-14T11:22:05.325413+00:00,,,,180.0,[Errno 111] Connection refused
79,medium,30,error,connection_error,0.434,1771068125.508125,1771068125.50856,2026-02-14T11:22:05.508125+00:00,2026-02-14T11:22:05.508560+00:00,,,,180.0,[Errno 111] Connection refused
80,small,3,error,connection_error,0.409,1771068125.704237,1771068125.704647,2026-02-14T11:22:05.704237+00:00,2026-02-14T11:22:05.704647+00:00,,,,180.0,[Errno 111] Connection refused
81,medium,30,error,connection_error,0.438,1771068125.840297,1771068125.840736,2026-02-14T11:22:05.840297+00:00,2026-02-14T11:22:05.840736+00:00,,,,180.0,[Errno 111] Connection refused
82,small,3,error,connection_error,0.931,1771068125.993542,1771068125.994474,2026-02-14T11:22:05.993542+00:00,2026-02-14T11:22:05.994474+00:00,,,,180.0,[Errno 111] Connection refused
83,medium,30,error,connection_error,0.675,1771068125.993939,1771068125.994615,2026-02-14T11:22:05.993939+00:00,2026-02-14T11:22:05.994615+00:00,,,,180.0,[Errno 111] Connection refused
84,small,3,error,connection_error,0.398,1771068126.160293,1771068126.160691,2026-02-14T11:22:06.160293+00:00,2026-02-14T11:22:06.160691+00:00,,,,180.0,[Errno 111] Connection refused
85,small,3,error,connection_error,0.475,1771068126.425483,1771068126.425959,2026-02-14T11:22:06.425483+00:00,2026-02-14T11:22:06.425959+00:00,,,,180.0,[Errno 111] Connection refused
86,small,3,error,connection_error,0.446,1771068126.659675,1771068126.660123,2026-02-14T11:22:06.659675+00:00,2026-02-14T11:22:06.660123+00:00,,,,180.0,[Errno 111] Connection refused
87,small,3,error,connection_error,0.45,1771068126.725654,1771068126.726104,2026-02-14T11:22:06.725654+00:00,2026-02-14T11:22:06.726104+00:00,,,,180.0,[Errno 111] Connection refused
88,small,3,error,connection_error,0.442,1771068127.646487,1771068127.646929,2026-02-14T11:22:07.646487+00:00,2026-02-14T11:22:07.646929+00:00,,,,180.0,[Errno 111] Connection refused
89,large,500,error,connection_error,1.186,1771068127.803822,1771068127.805009,2026-02-14T11:22:07.803822+00:00,2026-02-14T11:22:07.805009+00:00,,,,180.0,[Errno 111] Connection refused
90,small,3,error,connection_error,0.452,1771068127.881603,1771068127.882056,2026-02-14T11:22:07.881603+00:00,2026-02-14T11:22:07.882056+00:00,,,,180.0,[Errno 111] Connection refused
91,small,3,error,connection_error,0.448,1771068128.048705,1771068128.049154,2026-02-14T11:22:08.048705+00:00,2026-02-14T11:22:08.049154+00:00,,,,180.0,[Errno 111] Connection refused
92,medium,30,error,connection_error,0.474,1771068128.130773,1771068128.131247,2026-02-14T11:22:08.130773+00:00,2026-02-14T11:22:08.131247+00:00,,,,180.0,[Errno 111] Connection refused
93,small,3,error,connection_error,0.455,1771068128.18879,1771068128.189246,2026-02-14T11:22:08.188790+00:00,2026-02-14T11:22:08.189246+00:00,,,,180.0,[Errno 111] Connection refused
94,large,500,error,connection_error,1.008,1771068128.244774,1771068128.245784,2026-02-14T11:22:08.244774+00:00,2026-02-14T11:22:08.245784+00:00,,,,180.0,[Errno 111] Connection refused
95,small,3,error,connection_error,0.42,1771068128.371417,1771068128.371837,2026-02-14T11:22:08.371417+00:00,2026-02-14T11:22:08.371837+00:00,,,,180.0,[Errno 111] Connection refused
96,large,500,error,connection_error,1.014,1771068129.145174,1771068129.146189,2026-02-14T11:22:09.145174+00:00,2026-02-14T11:22:09.146189+00:00,,,,180.0,[Errno 111] Connection refused
98,large,500,error,connection_error,0.964,1771068129.169597,1771068129.170562,2026-02-14T11:22:09.169597+00:00,2026-02-14T11:22:09.170562+00:00,,,,180.0,[Errno 111] Connection refused
97,large,500,error,connection_error,2.023,1771068129.168649,1771068129.170673,2026-02-14T11:22:09.168649+00:00,2026-02-14T11:22:09.170673+00:00,,,,180.0,[Errno 111] Connection refused
99,large,500,error,connection_error,0.958,1771068129.202106,1771068129.203064,2026-02-14T11:22:09.202106+00:00,2026-02-14T11:22:09.203064+00:00,,,,180.0,[Errno 111] Connection refused
100,large,500,error,connection_error,1.073,1771068129.650945,1771068129.652019,2026-02-14T11:22:09.650945+00:00,2026-02-14T11:22:09.652019+00:00,,,,180.0,[Errno 111] Connection refused
101,small,3,error,connection_error,0.433,1771068129.831977,1771068129.83241,2026-02-14T11:22:09.831977+00:00,2026-02-14T11:22:09.832410+00:00,,,,180.0,[Errno 111] Connection refused
102,small,3,error,connection_error,0.432,1771068129.867932,1771068129.868365,2026-02-14T11:22:09.867932+00:00,2026-02-14T11:22:09.868365+00:00,,,,180.0,[Errno 111] Connection refused
103,large,500,error,connection_error,1.01,1771068130.034036,1771068130.035046,2026-02-14T11:22:10.034036+00:00,2026-02-14T11:22:10.035046+00:00,,,,180.0,[Errno 111] Connection refused
104,small,3,error,connection_error,0.412,1771068130.460965,1771068130.461378,2026-02-14T11:22:10.460965+00:00,2026-02-14T11:22:10.461378+00:00,,,,180.0,[Errno 111] Connection refused
105,medium,30,error,connection_error,0.462,1771068130.509933,1771068130.510396,2026-02-14T11:22:10.509933+00:00,2026-02-14T11:22:10.510396+00:00,,,,180.0,[Errno 111] Connection refused
106,small,3,error,connection_error,0.433,1771068130.833205,1771068130.833638,2026-02-14T11:22:10.833205+00:00,2026-02-14T11:22:10.833638+00:00,,,,180.0,[Errno 111] Connection refused
107,large,500,error,connection_error,1.021,1771068131.152488,1771068131.153509,2026-02-14T11:22:11.152488+00:00,2026-02-14T11:22:11.153509+00:00,,,,180.0,[Errno 111] Connection refused
108,small,3,error,connection_error,0.426,1771068131.910736,1771068131.911163,2026-02-14T11:22:11.910736+00:00,2026-02-14T11:22:11.911163+00:00,,,,180.0,[Errno 111] Connection refused
109,medium,30,error,connection_error,0.511,1771068132.656451,1771068132.656963,2026-02-14T11:22:12.656451+00:00,2026-02-14T11:22:12.656963+00:00,,,,180.0,[Errno 111] Connection refused
110,medium,30,error,connection_error,0.437,1771068132.686437,1771068132.686874,2026-02-14T11:22:12.686437+00:00,2026-02-14T11:22:12.686874+00:00,,,,180.0,[Errno 111] Connection refused
111,medium,30,error,connection_error,0.423,1771068132.722298,1771068132.722722,2026-02-14T11:22:12.722298+00:00,2026-02-14T11:22:12.722722+00:00,,,,180.0,[Errno 111] Connection refused
112,large,500,error,connection_error,1.247,1771068132.884395,1771068132.885643,2026-02-14T11:22:12.884395+00:00,2026-02-14T11:22:12.885643+00:00,,,,180.0,[Errno 111] Connection refused
113,medium,30,error,connection_error,0.462,1771068132.993255,1771068132.993718,2026-02-14T11:22:12.993255+00:00,2026-02-14T11:22:12.993718+00:00,,,,180.0,[Errno 111] Connection refused
114,medium,30,error,connection_error,0.46,1771068133.452691,1771068133.453151,2026-02-14T11:22:13.452691+00:00,2026-02-14T11:22:13.453151+00:00,,,,180.0,[Errno 111] Connection refused
115,medium,30,error,connection_error,0.486,1771068133.486646,1771068133.487133,2026-02-14T11:22:13.486646+00:00,2026-02-14T11:22:13.487133+00:00,,,,180.0,[Errno 111] Connection refused
116,small,3,error,connection_error,0.455,1771068134.639758,1771068134.640214,2026-02-14T11:22:14.639758+00:00,2026-02-14T11:22:14.640214+00:00,,,,180.0,[Errno 111] Connection refused
117,small,3,error,connection_error,0.436,1771068134.744802,1771068134.745239,2026-02-14T11:22:14.744802+00:00,2026-02-14T11:22:14.745239+00:00,,,,180.0,[Errno 111] Connection refused
118,small,3,error,connection_error,0.421,1771068134.766693,1771068134.767116,2026-02-14T11:22:14.766693+00:00,2026-02-14T11:22:14.767116+00:00,,,,180.0,[Errno 111] Connection refused
119,small,3,error,connection_error,0.401,1771068135.145949,1771068135.146351,2026-02-14T11:22:15.145949+00:00,2026-02-14T11:22:15.146351+00:00,,,,180.0,[Errno 111] Connection refused
120,small,3,error,connection_error,0.414,1771068135.237953,1771068135.238368,2026-02-14T11:22:15.237953+00:00,2026-02-14T11:22:15.238368+00:00,,,,180.0,[Errno 111] Connection refused
121,small,3,error,connection_error,0.406,1771068135.30194,1771068135.302347,2026-02-14T11:22:15.301940+00:00,2026-02-14T11:22:15.302347+00:00,,,,180.0,[Errno 111] Connection refused
122,small,3,error,connection_error,0.422,1771068135.445935,1771068135.446358,2026-02-14T11:22:15.445935+00:00,2026-02-14T11:22:15.446358+00:00,,,,180.0,[Errno 111] Connection refused
123,large,500,error,connection_error,1.017,1771068135.78417,1771068135.785188,2026-02-14T11:22:15.784170+00:00,2026-02-14T11:22:15.785188+00:00,,,,180.0,[Errno 111] Connection refused
124,small,3,error,connection_error,0.659,1771068135.792614,1771068135.793273,2026-02-14T11:22:15.792614+00:00,2026-02-14T11:22:15.793273+00:00,,,,180.0,[Errno 111] Connection refused
125,medium,30,error,connection_error,0.437,1771068136.336205,1771068136.336643,2026-02-14T11:22:16.336205+00:00,2026-02-14T11:22:16.336643+00:00,,,,180.0,[Errno 111] Connection refused
126,medium,30,error,connection_error,0.493,1771068136.996831,1771068136.997325,2026-02-14T11:22:16.996831+00:00,2026-02-14T11:22:16.997325+00:00,,,,180.0,[Errno 111] Connection refused
127,small,3,error,connection_error,0.45,1771068137.02079,1771068137.021241,2026-02-14T11:22:17.020790+00:00,2026-02-14T11:22:17.021241+00:00,,,,180.0,[Errno 111] Connection refused
128,medium,30,error,connection_error,0.474,1771068137.105794,1771068137.106269,2026-02-14T11:22:17.105794+00:00,2026-02-14T11:22:17.106269+00:00,,,,180.0,[Errno 111] Connection refused
129,small,3,error,connection_error,0.41,1771068137.351056,1771068137.351467,2026-02-14T11:22:17.351056+00:00,2026-02-14T11:22:17.351467+00:00,,,,180.0,[Errno 111] Connection refused
130,medium,30,error,connection_error,0.461,1771068137.58923,1771068137.589691,2026-02-14T11:22:17.589230+00:00,2026-02-14T11:22:17.589691+00:00,,,,180.0,[Errno 111] Connection refused
131,medium,30,error,connection_error,0.457,1771068137.721337,1771068137.721794,2026-02-14T11:22:17.721337+00:00,2026-02-14T11:22:17.721794+00:00,,,,180.0,[Errno 111] Connection refused
132,small,3,error,connection_error,0.432,1771068138.600159,1771068138.600592,2026-02-14T11:22:18.600159+00:00,2026-02-14T11:22:18.600592+00:00,,,,180.0,[Errno 111] Connection refused
133,medium,30,error,connection_error,0.45,1771068138.615038,1771068138.615489,2026-02-14T11:22:18.615038+00:00,2026-02-14T11:22:18.615489+00:00,,,,180.0,[Errno 111] Connection refused
134,small,3,error,connection_error,0.453,1771068138.865211,1771068138.865664,2026-02-14T11:22:18.865211+00:00,2026-02-14T11:22:18.865664+00:00,,,,180.0,[Errno 111] Connection refused
135,medium,30,error,connection_error,0.499,1771068139.247551,1771068139.24805,2026-02-14T11:22:19.247551+00:00,2026-02-14T11:22:19.248050+00:00,,,,180.0,[Errno 111] Connection refused
136,medium,30,error,connection_error,0.692,1771068139.407689,1771068139.408382,2026-02-14T11:22:19.407689+00:00,2026-02-14T11:22:19.408382+00:00,,,,180.0,[Errno 111] Connection refused
137,medium,30,error,connection_error,0.426,1771068139.572041,1771068139.572468,2026-02-14T11:22:19.572041+00:00,2026-02-14T11:22:19.572468+00:00,,,,180.0,[Errno 111] Connection refused
138,medium,30,error,connection_error,0.452,1771068139.619948,1771068139.620401,2026-02-14T11:22:19.619948+00:00,2026-02-14T11:22:19.620401+00:00,,,,180.0,[Errno 111] Connection refused
139,large,500,error,connection_error,0.993,1771068139.840128,1771068139.841122,2026-02-14T11:22:19.840128+00:00,2026-02-14T11:22:19.841122+00:00,,,,180.0,[Errno 111] Connection refused
140,small,3,error,connection_error,0.436,1771068139.92569,1771068139.926127,2026-02-14T11:22:19.925690+00:00,2026-02-14T11:22:19.926127+00:00,,,,180.0,[Errno 111] Connection refused
141,small,3,error,connection_error,0.413,1771068140.364108,1771068140.364521,2026-02-14T11:22:20.364108+00:00,2026-02-14T11:22:20.364521+00:00,,,,180.0,[Errno 111] Connection refused
142,small,3,error,connection_error,0.466,1771068140.51016,1771068140.510627,2026-02-14T11:22:20.510160+00:00,2026-02-14T11:22:20.510627+00:00,,,,180.0,[Errno 111] Connection refused
143,small,3,error,connection_error,0.441,1771068140.963554,1771068140.963996,2026-02-14T11:22:20.963554+00:00,2026-02-14T11:22:20.963996+00:00,,,,180.0,[Errno 111] Connection refused
144,large,500,error,connection_error,1.016,1771068142.297849,1771068142.298866,2026-02-14T11:22:22.297849+00:00,2026-02-14T11:22:22.298866+00:00,,,,180.0,[Errno 111] Connection refused
145,large,500,error,connection_error,1.005,1771068142.375429,1771068142.376434,2026-02-14T11:22:22.375429+00:00,2026-02-14T11:22:22.376434+00:00,,,,180.0,[Errno 111] Connection refused
146,small,3,error,connection_error,0.401,1771068142.457978,1771068142.458379,2026-02-14T11:22:22.457978+00:00,2026-02-14T11:22:22.458379+00:00,,,,180.0,[Errno 111] Connection refused
147,medium,30,error,connection_error,0.495,1771068143.268669,1771068143.269165,2026-02-14T11:22:23.268669+00:00,2026-02-14T11:22:23.269165+00:00,,,,180.0,[Errno 111] Connection refused
148,large,500,error,connection_error,1.205,1771068143.476857,1771068143.478063,2026-02-14T11:22:23.476857+00:00,2026-02-14T11:22:23.478063+00:00,,,,180.0,[Errno 111] Connection refused
149,small,3,error,connection_error,0.435,1771068143.761852,1771068143.762288,2026-02-14T11:22:23.761852+00:00,2026-02-14T11:22:23.762288+00:00,,,,180.0,[Errno 111] Connection refused
150,medium,30,error,connection_error,0.477,1771068144.141136,1771068144.141613,2026-02-14T11:22:24.141136+00:00,2026-02-14T11:22:24.141613+00:00,,,,180.0,[Errno 111] Connection refused
151,small,3,error,connection_error,0.4,1771068144.172063,1771068144.172464,2026-02-14T11:22:24.172063+00:00,2026-02-14T11:22:24.172464+00:00,,,,180.0,[Errno 111] Connection refused
152,large,500,error,connection_error,1.042,1771068144.44117,1771068144.442214,2026-02-14T11:22:24.441170+00:00,2026-02-14T11:22:24.442214+00:00,,,,180.0,[Errno 111] Connection refused
153,small,3,error,connection_error,0.452,1771068144.630888,1771068144.63134,2026-02-14T11:22:24.630888+00:00,2026-02-14T11:22:24.631340+00:00,,,,180.0,[Errno 111] Connection refused
154,medium,30,error,connection_error,0.477,1771068144.637748,1771068144.638225,2026-02-14T11:22:24.637748+00:00,2026-02-14T11:22:24.638225+00:00,,,,180.0,[Errno 111] Connection refused
155,small,3,error,connection_error,0.422,1771068144.868884,1771068144.869307,2026-02-14T11:22:24.868884+00:00,2026-02-14T11:22:24.869307+00:00,,,,180.0,[Errno 111] Connection refused
156,small,3,error,connection_error,0.421,1771068144.955852,1771068144.956274,2026-02-14T11:22:24.955852+00:00,2026-02-14T11:22:24.956274+00:00,,,,180.0,[Errno 111] Connection refused
157,medium,30,error,connection_error,0.465,1771068145.352169,1771068145.352634,2026-02-14T11:22:25.352169+00:00,2026-02-14T11:22:25.352634+00:00,,,,180.0,[Errno 111] Connection refused
158,medium,30,error,connection_error,0.477,1771068145.427195,1771068145.427672,2026-02-14T11:22:25.427195+00:00,2026-02-14T11:22:25.427672+00:00,,,,180.0,[Errno 111] Connection refused
159,medium,30,error,connection_error,0.45,1771068145.439065,1771068145.439515,2026-02-14T11:22:25.439065+00:00,2026-02-14T11:22:25.439515+00:00,,,,180.0,[Errno 111] Connection refused
160,large,500,error,connection_error,1.11,1771068145.447857,1771068145.448967,2026-02-14T11:22:25.447857+00:00,2026-02-14T11:22:25.448967+00:00,,,,180.0,[Errno 111] Connection refused
161,large,500,error,connection_error,0.979,1771068145.566492,1771068145.567471,2026-02-14T11:22:25.566492+00:00,2026-02-14T11:22:25.567471+00:00,,,,180.0,[Errno 111] Connection refused
162,medium,30,error,connection_error,0.452,1771068145.708078,1771068145.708531,2026-02-14T11:22:25.708078+00:00,2026-02-14T11:22:25.708531+00:00,,,,180.0,[Errno 111] Connection refused
163,large,500,error,connection_error,1.059,1771068145.821123,1771068145.822182,2026-02-14T11:22:25.821123+00:00,2026-02-14T11:22:25.822182+00:00,,,,180.0,[Errno 111] Connection refused
164,medium,30,error,connection_error,0.485,1771068145.830606,1771068145.831092,2026-02-14T11:22:25.830606+00:00,2026-02-14T11:22:25.831092+00:00,,,,180.0,[Errno 111] Connection refused
165,medium,30,error,connection_error,0.434,1771068145.984633,1771068145.985067,2026-02-14T11:22:25.984633+00:00,2026-02-14T11:22:25.985067+00:00,,,,180.0,[Errno 111] Connection refused
166,medium,30,error,connection_error,0.44,1771068146.062589,1771068146.06303,2026-02-14T11:22:26.062589+00:00,2026-02-14T11:22:26.063030+00:00,,,,180.0,[Errno 111] Connection refused
167,medium,30,error,connection_error,0.48,1771068146.423858,1771068146.424339,2026-02-14T11:22:26.423858+00:00,2026-02-14T11:22:26.424339+00:00,,,,180.0,[Errno 111] Connection refused
168,medium,30,error,connection_error,0.44,1771068146.49693,1771068146.497371,2026-02-14T11:22:26.496930+00:00,2026-02-14T11:22:26.497371+00:00,,,,180.0,[Errno 111] Connection refused
169,medium,30,error,connection_error,0.443,1771068146.585949,1771068146.586393,2026-02-14T11:22:26.585949+00:00,2026-02-14T11:22:26.586393+00:00,,,,180.0,[Errno 111] Connection refused
170,medium,30,error,connection_error,0.426,1771068146.674927,1771068146.675353,2026-02-14T11:22:26.674927+00:00,2026-02-14T11:22:26.675353+00:00,,,,180.0,[Errno 111] Connection refused
171,large,500,error,connection_error,0.966,1771068146.677723,1771068146.678689,2026-02-14T11:22:26.677723+00:00,2026-02-14T11:22:26.678689+00:00,,,,180.0,[Errno 111] Connection refused
172,medium,30,error,connection_error,0.87,1771068147.142586,1771068147.143456,2026-02-14T11:22:27.142586+00:00,2026-02-14T11:22:27.143456+00:00,,,,180.0,[Errno 111] Connection refused
173,small,3,error,connection_error,0.423,1771068147.395218,1771068147.395642,2026-02-14T11:22:27.395218+00:00,2026-02-14T11:22:27.395642+00:00,,,,180.0,[Errno 111] Connection refused
174,medium,30,error,connection_error,0.503,1771068147.764557,1771068147.76506,2026-02-14T11:22:27.764557+00:00,2026-02-14T11:22:27.765060+00:00,,,,180.0,[Errno 111] Connection refused
175,small,3,error,connection_error,0.452,1771068147.780494,1771068147.780947,2026-02-14T11:22:27.780494+00:00,2026-02-14T11:22:27.780947+00:00,,,,180.0,[Errno 111] Connection refused
176,small,3,error,connection_error,0.42,1771068148.10068,1771068148.101101,2026-02-14T11:22:28.100680+00:00,2026-02-14T11:22:28.101101+00:00,,,,180.0,[Errno 111] Connection refused
177,small,3,error,connection_error,0.448,1771068148.164652,1771068148.165101,2026-02-14T11:22:28.164652+00:00,2026-02-14T11:22:28.165101+00:00,,,,180.0,[Errno 111] Connection refused
178,large,500,error,connection_error,0.979,1771068148.200554,1771068148.201534,2026-02-14T11:22:28.200554+00:00,2026-02-14T11:22:28.201534+00:00,,,,180.0,[Errno 111] Connection refused
179,medium,30,error,connection_error,0.382,1771068148.211884,1771068148.212266,2026-02-14T11:22:28.211884+00:00,2026-02-14T11:22:28.212266+00:00,,,,180.0,[Errno 111] Connection refused
180,medium,30,error,connection_error,0.413,1771068148.242648,1771068148.243061,2026-02-14T11:22:28.242648+00:00,2026-02-14T11:22:28.243061+00:00,,,,180.0,[Errno 111] Connection refused
181,large,500,error,connection_error,0.944,1771068148.257404,1771068148.258348,2026-02-14T11:22:28.257404+00:00,2026-02-14T11:22:28.258348+00:00,,,,180.0,[Errno 111] Connection refused
182,medium,30,error,connection_error,0.375,1771068148.27869,1771068148.279065,2026-02-14T11:22:28.278690+00:00,2026-02-14T11:22:28.279065+00:00,,,,180.0,[Errno 111] Connection refused
183,medium,30,error,connection_error,0.598,1771068148.593786,1771068148.594385,2026-02-14T11:22:28.593786+00:00,2026-02-14T11:22:28.594385+00:00,,,,180.0,[Errno 111] Connection refused
184,large,500,error,connection_error,1.187,1771068148.67593,1771068148.677118,2026-02-14T11:22:28.675930+00:00,2026-02-14T11:22:28.677118+00:00,,,,180.0,[Errno 111] Connection refused
185,large,500,error,connection_error,0.996,1771068148.724589,1771068148.725586,2026-02-14T11:22:28.724589+00:00,2026-02-14T11:22:28.725586+00:00,,,,180.0,[Errno 111] Connection refused
186,small,3,error,connection_error,0.437,1771068148.765086,1771068148.765523,2026-02-14T11:22:28.765086+00:00,2026-02-14T11:22:28.765523+00:00,,,,180.0,[Errno 111] Connection refused
187,large,500,error,connection_error,0.919,1771068148.770853,1771068148.771772,2026-02-14T11:22:28.770853+00:00,2026-02-14T11:22:28.771772+00:00,,,,180.0,[Errno 111] Connection refused
188,small,3,error,connection_error,0.419,1771068148.856293,1771068148.856712,2026-02-14T11:22:28.856293+00:00,2026-02-14T11:22:28.856712+00:00,,,,180.0,[Errno 111] Connection refused
189,medium,30,error,connection_error,0.445,1771068148.995352,1771068148.995797,2026-02-14T11:22:28.995352+00:00,2026-02-14T11:22:28.995797+00:00,,,,180.0,[Errno 111] Connection refused
190,large,500,error,connection_error,0.999,1771068149.058444,1771068149.059444,2026-02-14T11:22:29.058444+00:00,2026-02-14T11:22:29.059444+00:00,,,,180.0,[Errno 111] Connection refused
191,medium,30,error,connection_error,0.451,1771068149.132987,1771068149.133438,2026-02-14T11:22:29.132987+00:00,2026-02-14T11:22:29.133438+00:00,,,,180.0,[Errno 111] Connection refused
192,small,3,error,connection_error,0.445,1771068149.343181,1771068149.343626,2026-02-14T11:22:29.343181+00:00,2026-02-14T11:22:29.343626+00:00,,,,180.0,[Errno 111] Connection refused
193,medium,30,error,connection_error,0.459,1771068149.363087,1771068149.363547,2026-02-14T11:22:29.363087+00:00,2026-02-14T11:22:29.363547+00:00,,,,180.0,[Errno 111] Connection refused
194,medium,30,error,connection_error,0.524,1771068149.903624,1771068149.904149,2026-02-14T11:22:29.903624+00:00,2026-02-14T11:22:29.904149+00:00,,,,180.0,[Errno 111] Connection refused
195,medium,30,error,connection_error,0.456,1771068150.039811,1771068150.040268,2026-02-14T11:22:30.039811+00:00,2026-02-14T11:22:30.040268+00:00,,,,180.0,[Errno 111] Connection refused
196,small,3,error,connection_error,0.655,1771068150.248014,1771068150.248669,2026-02-14T11:22:30.248014+00:00,2026-02-14T11:22:30.248669+00:00,,,,180.0,[Errno 111] Connection refused
197,small,3,error,connection_error,0.423,1771068150.361345,1771068150.361769,2026-02-14T11:22:30.361345+00:00,2026-02-14T11:22:30.361769+00:00,,,,180.0,[Errno 111] Connection refused
198,medium,30,error,connection_error,0.448,1771068150.399275,1771068150.399723,2026-02-14T11:22:30.399275+00:00,2026-02-14T11:22:30.399723+00:00,,,,180.0,[Errno 111] Connection refused
199,large,500,error,connection_error,1.009,1771068150.917767,1771068150.918777,2026-02-14T11:22:30.917767+00:00,2026-02-14T11:22:30.918777+00:00,,,,180.0,[Errno 111] Connection refused
200,small,3,error,connection_error,0.445,1771068151.096513,1771068151.096958,2026-02-14T11:22:31.096513+00:00,2026-02-14T11:22:31.096958+00:00,,,,180.0,[Errno 111] Connection refused
201,medium,30,error,connection_error,0.465,1771068151.101391,1771068151.101856,2026-02-14T11:22:31.101391+00:00,2026-02-14T11:22:31.101856+00:00,,,,180.0,[Errno 111] Connection refused
202,large,500,error,connection_error,0.982,1771068151.174432,1771068151.175415,2026-02-14T11:22:31.174432+00:00,2026-02-14T11:22:31.175415+00:00,,,,180.0,[Errno 111] Connection refused
203,small,3,error,connection_error,0.405,1771068151.566278,1771068151.566683,2026-02-14T11:22:31.566278+00:00,2026-02-14T11:22:31.566683+00:00,,,,180.0,[Errno 111] Connection refused
204,large,500,error,connection_error,1.055,1771068151.809495,1771068151.81055,2026-02-14T11:22:31.809495+00:00,2026-02-14T11:22:31.810550+00:00,,,,180.0,[Errno 111] Connection refused
205,medium,30,error,connection_error,0.47,1771068152.055315,1771068152.055786,2026-02-14T11:22:32.055315+00:00,2026-02-14T11:22:32.055786+00:00,,,,180.0,[Errno 111] Connection refused
206,medium,30,error,connection_error,0.494,1771068152.3306,1771068152.331095,2026-02-14T11:22:32.330600+00:00,2026-02-14T11:22:32.331095+00:00,,,,180.0,[Errno 111] Connection refused
207,small,3,error,connection_error,0.465,1771068153.519845,1771068153.520311,2026-02-14T11:22:33.519845+00:00,2026-02-14T11:22:33.520311+00:00,,,,180.0,[Errno 111] Connection refused
208,small,3,error,connection_error,0.672,1771068153.969288,1771068153.96996,2026-02-14T11:22:33.969288+00:00,2026-02-14T11:22:33.969960+00:00,,,,180.0,[Errno 111] Connection refused
209,medium,30,error,connection_error,0.489,1771068154.265799,1771068154.266289,2026-02-14T11:22:34.265799+00:00,2026-02-14T11:22:34.266289+00:00,,,,180.0,[Errno 111] Connection refused
210,small,3,error,connection_error,0.43,1771068154.296753,1771068154.297184,2026-02-14T11:22:34.296753+00:00,2026-02-14T11:22:34.297184+00:00,,,,180.0,[Errno 111] Connection refused
211,small,3,error,connection_error,0.4,1771068155.09546,1771068155.095861,2026-02-14T11:22:35.095460+00:00,2026-02-14T11:22:35.095861+00:00,,,,180.0,[Errno 111] Connection refused
212,medium,30,error,connection_error,0.455,1771068155.113382,1771068155.113837,2026-02-14T11:22:35.113382+00:00,2026-02-14T11:22:35.113837+00:00,,,,180.0,[Errno 111] Connection refused
213,small,3,error,connection_error,0.452,1771068155.282482,1771068155.282934,2026-02-14T11:22:35.282482+00:00,2026-02-14T11:22:35.282934+00:00,,,,180.0,[Errno 111] Connection refused
214,small,3,error,connection_error,0.426,1771068155.334421,1771068155.334848,2026-02-14T11:22:35.334421+00:00,2026-02-14T11:22:35.334848+00:00,,,,180.0,[Errno 111] Connection refused
215,large,500,error,connection_error,0.998,1771068155.845834,1771068155.846833,2026-02-14T11:22:35.845834+00:00,2026-02-14T11:22:35.846833+00:00,,,,180.0,[Errno 111] Connection refused
216,small,3,error,connection_error,0.47,1771068156.075587,1771068156.076058,2026-02-14T11:22:36.075587+00:00,2026-02-14T11:22:36.076058+00:00,,,,180.0,[Errno 111] Connection refused
217,small,3,error,connection_error,0.411,1771068156.612101,1771068156.612512,2026-02-14T11:22:36.612101+00:00,2026-02-14T11:22:36.612512+00:00,,,,180.0,[Errno 111] Connection refused
218,small,3,error,connection_error,0.413,1771068156.904322,1771068156.904736,2026-02-14T11:22:36.904322+00:00,2026-02-14T11:22:36.904736+00:00,,,,180.0,[Errno 111] Connection refused
219,medium,30,error,connection_error,0.504,1771068157.100474,1771068157.100978,2026-02-14T11:22:37.100474+00:00,2026-02-14T11:22:37.100978+00:00,,,,180.0,[Errno 111] Connection refused
220,small,3,error,connection_error,0.666,1771068157.96634,1771068157.967006,2026-02-14T11:22:37.966340+00:00,2026-02-14T11:22:37.967006+00:00,,,,180.0,[Errno 111] Connection refused
221,medium,30,error,connection_error,0.507,1771068158.152735,1771068158.153242,2026-02-14T11:22:38.152735+00:00,2026-02-14T11:22:38.153242+00:00,,,,180.0,[Errno 111] Connection refused
222,small,3,error,connection_error,0.399,1771068158.411001,1771068158.411401,2026-02-14T11:22:38.411001+00:00,2026-02-14T11:22:38.411401+00:00,,,,180.0,[Errno 111] Connection refused
223,small,3,error,connection_error,0.405,1771068158.452863,1771068158.453269,2026-02-14T11:22:38.452863+00:00,2026-02-14T11:22:38.453269+00:00,,,,180.0,[Errno 111] Connection refused
224,small,3,error,connection_error,0.429,1771068158.631867,1771068158.632297,2026-02-14T11:22:38.631867+00:00,2026-02-14T11:22:38.632297+00:00,,,,180.0,[Errno 111] Connection refused
225,small,3,error,connection_error,0.43,1771068158.637709,1771068158.63814,2026-02-14T11:22:38.637709+00:00,2026-02-14T11:22:38.638140+00:00,,,,180.0,[Errno 111] Connection refused
226,small,3,error,connection_error,0.44,1771068158.783738,1771068158.784178,2026-02-14T11:22:38.783738+00:00,2026-02-14T11:22:38.784178+00:00,,,,180.0,[Errno 111] Connection refused
227,medium,30,error,connection_error,0.493,1771068158.943851,1771068158.944345,2026-02-14T11:22:38.943851+00:00,2026-02-14T11:22:38.944345+00:00,,,,180.0,[Errno 111] Connection refused
228,medium,30,error,connection_error,0.444,1771068159.128021,1771068159.128465,2026-02-14T11:22:39.128021+00:00,2026-02-14T11:22:39.128465+00:00,,,,180.0,[Errno 111] Connection refused
229,large,500,error,connection_error,0.964,1771068159.454257,1771068159.455221,2026-02-14T11:22:39.454257+00:00,2026-02-14T11:22:39.455221+00:00,,,,180.0,[Errno 111] Connection refused
230,medium,30,error,connection_error,0.491,1771068159.610861,1771068159.611353,2026-02-14T11:22:39.610861+00:00,2026-02-14T11:22:39.611353+00:00,,,,180.0,[Errno 111] Connection refused
231,large,500,error,connection_error,0.989,1771068159.738028,1771068159.739018,2026-02-14T11:22:39.738028+00:00,2026-02-14T11:22:39.739018+00:00,,,,180.0,[Errno 111] Connection refused
232,medium,30,error,connection_error,0.681,1771068159.776514,1771068159.777196,2026-02-14T11:22:39.776514+00:00,2026-02-14T11:22:39.777196+00:00,,,,180.0,[Errno 111] Connection refused
233,small,3,error,connection_error,0.408,1771068160.144045,1771068160.144454,2026-02-14T11:22:40.144045+00:00,2026-02-14T11:22:40.144454+00:00,,,,180.0,[Errno 111] Connection refused
234,large,500,error,connection_error,0.974,1771068160.244069,1771068160.245044,2026-02-14T11:22:40.244069+00:00,2026-02-14T11:22:40.245044+00:00,,,,180.0,[Errno 111] Connection refused
235,small,3,error,connection_error,0.445,1771068160.32467,1771068160.325116,2026-02-14T11:22:40.324670+00:00,2026-02-14T11:22:40.325116+00:00,,,,180.0,[Errno 111] Connection refused
236,medium,30,error,connection_error,0.434,1771068160.350569,1771068160.351003,2026-02-14T11:22:40.350569+00:00,2026-02-14T11:22:40.351003+00:00,,,,180.0,[Errno 111] Connection refused
237,small,3,error,connection_error,0.433,1771068160.610685,1771068160.611118,2026-02-14T11:22:40.610685+00:00,2026-02-14T11:22:40.611118+00:00,,,,180.0,[Errno 111] Connection refused
238,medium,30,error,connection_error,0.458,1771068160.77483,1771068160.775289,2026-02-14T11:22:40.774830+00:00,2026-02-14T11:22:40.775289+00:00,,,,180.0,[Errno 111] Connection refused
239,small,3,error,connection_error,0.426,1771068160.988071,1771068160.988498,2026-02-14T11:22:40.988071+00:00,2026-02-14T11:22:40.988498+00:00,,,,180.0,[Errno 111] Connection refused
240,medium,30,error,connection_error,0.455,1771068161.239314,1771068161.23977,2026-02-14T11:22:41.239314+00:00,2026-02-14T11:22:41.239770+00:00,,,,180.0,[Errno 111] Connection refused
241,small,3,error,connection_error,0.5,1771068161.435504,1771068161.436005,2026-02-14T11:22:41.435504+00:00,2026-02-14T11:22:41.436005+00:00,,,,180.0,[Errno 111] Connection refused
242,medium,30,error,connection_error,0.463,1771068161.629318,1771068161.629781,2026-02-14T11:22:41.629318+00:00,2026-02-14T11:22:41.629781+00:00,,,,180.0,[Errno 111] Connection refused
243,large,500,error,connection_error,1.0,1771068162.006736,1771068162.007737,2026-02-14T11:22:42.006736+00:00,2026-02-14T11:22:42.007737+00:00,,,,180.0,[Errno 111] Connection refused
244,medium,30,error,connection_error,0.683,1771068162.266541,1771068162.267224,2026-02-14T11:22:42.266541+00:00,2026-02-14T11:22:42.267224+00:00,,,,180.0,[Errno 111] Connection refused
245,medium,30,error,connection_error,0.445,1771068162.359825,1771068162.360271,2026-02-14T11:22:42.359825+00:00,2026-02-14T11:22:42.360271+00:00,,,,180.0,[Errno 111] Connection refused
246,large,500,error,connection_error,1.028,1771068162.420832,1771068162.421862,2026-02-14T11:22:42.420832+00:00,2026-02-14T11:22:42.421862+00:00,,,,180.0,[Errno 111] Connection refused
247,medium,30,error,connection_error,0.496,1771068163.655592,1771068163.656088,2026-02-14T11:22:43.655592+00:00,2026-02-14T11:22:43.656088+00:00,,,,180.0,[Errno 111] Connection refused
248,small,3,error,connection_error,0.427,1771068163.672531,1771068163.67296,2026-02-14T11:22:43.672531+00:00,2026-02-14T11:22:43.672960+00:00,,,,180.0,[Errno 111] Connection refused
249,small,3,error,connection_error,0.428,1771068164.089834,1771068164.090262,2026-02-14T11:22:44.089834+00:00,2026-02-14T11:22:44.090262+00:00,,,,180.0,[Errno 111] Connection refused
250,medium,30,error,connection_error,0.428,1771068164.395043,1771068164.395471,2026-02-14T11:22:44.395043+00:00,2026-02-14T11:22:44.395471+00:00,,,,180.0,[Errno 111] Connection refused
251,small,3,error,connection_error,0.417,1771068164.579179,1771068164.579596,2026-02-14T11:22:44.579179+00:00,2026-02-14T11:22:44.579596+00:00,,,,180.0,[Errno 111] Connection refused
252,small,3,error,connection_error,0.406,1771068164.901423,1771068164.901829,2026-02-14T11:22:44.901423+00:00,2026-02-14T11:22:44.901829+00:00,,,,180.0,[Errno 111] Connection refused
253,large,500,error,connection_error,1.022,1771068165.03554,1771068165.036563,2026-02-14T11:22:45.035540+00:00,2026-02-14T11:22:45.036563+00:00,,,,180.0,[Errno 111] Connection refused
254,medium,30,error,connection_error,0.494,1771068165.578586,1771068165.579081,2026-02-14T11:22:45.578586+00:00,2026-02-14T11:22:45.579081+00:00,,,,180.0,[Errno 111] Connection refused
255,large,500,error,connection_error,0.996,1771068166.296252,1771068166.297249,2026-02-14T11:22:46.296252+00:00,2026-02-14T11:22:46.297249+00:00,,,,180.0,[Errno 111] Connection refused
256,small,3,error,connection_error,0.679,1771068166.420866,1771068166.421546,2026-02-14T11:22:46.420866+00:00,2026-02-14T11:22:46.421546+00:00,,,,180.0,[Errno 111] Connection refused
257,medium,30,error,connection_error,0.43,1771068166.455047,1771068166.455478,2026-02-14T11:22:46.455047+00:00,2026-02-14T11:22:46.455478+00:00,,,,180.0,[Errno 111] Connection refused
258,small,3,error,connection_error,0.408,1771068166.652136,1771068166.652544,2026-02-14T11:22:46.652136+00:00,2026-02-14T11:22:46.652544+00:00,,,,180.0,[Errno 111] Connection refused
259,small,3,error,connection_error,0.465,1771068167.324713,1771068167.325178,2026-02-14T11:22:47.324713+00:00,2026-02-14T11:22:47.325178+00:00,,,,180.0,[Errno 111] Connection refused
260,medium,30,error,connection_error,0.459,1771068167.623015,1771068167.623475,2026-02-14T11:22:47.623015+00:00,2026-02-14T11:22:47.623475+00:00,,,,180.0,[Errno 111] Connection refused
261,large,500,error,connection_error,0.999,1771068167.71711,1771068167.71811,2026-02-14T11:22:47.717110+00:00,2026-02-14T11:22:47.718110+00:00,,,,180.0,[Errno 111] Connection refused
262,small,3,error,connection_error,0.429,1771068168.28422,1771068168.28465,2026-02-14T11:22:48.284220+00:00,2026-02-14T11:22:48.284650+00:00,,,,180.0,[Errno 111] Connection refused
263,small,3,error,connection_error,0.423,1771068168.373266,1771068168.37369,2026-02-14T11:22:48.373266+00:00,2026-02-14T11:22:48.373690+00:00,,,,180.0,[Errno 111] Connection refused
264,small,3,error,connection_error,0.421,1771068168.446218,1771068168.44664,2026-02-14T11:22:48.446218+00:00,2026-02-14T11:22:48.446640+00:00,,,,180.0,[Errno 111] Connection refused
265,small,3,error,connection_error,0.431,1771068168.6173,1771068168.617732,2026-02-14T11:22:48.617300+00:00,2026-02-14T11:22:48.617732+00:00,,,,180.0,[Errno 111] Connection refused
266,medium,30,error,connection_error,0.45,1771068168.671258,1771068168.67171,2026-02-14T11:22:48.671258+00:00,2026-02-14T11:22:48.671710+00:00,,,,180.0,[Errno 111] Connection refused
267,medium,30,error,connection_error,0.487,1771068169.066594,1771068169.067081,2026-02-14T11:22:49.066594+00:00,2026-02-14T11:22:49.067081+00:00,,,,180.0,[Errno 111] Connection refused
268,large,500,error,connection_error,1.261,1771068169.298827,1771068169.300089,2026-02-14T11:22:49.298827+00:00,2026-02-14T11:22:49.300089+00:00,,,,180.0,[Errno 111] Connection refused
269,medium,30,error,connection_error,0.478,1771068169.499795,1771068169.500273,2026-02-14T11:22:49.499795+00:00,2026-02-14T11:22:49.500273+00:00,,,,180.0,[Errno 111] Connection refused
270,medium,30,error,connection_error,0.473,1771068169.728037,1771068169.728511,2026-02-14T11:22:49.728037+00:00,2026-02-14T11:22:49.728511+00:00,,,,180.0,[Errno 111] Connection refused
271,medium,30,error,connection_error,0.469,1771068169.828144,1771068169.828613,2026-02-14T11:22:49.828144+00:00,2026-02-14T11:22:49.828613+00:00,,,,180.0,[Errno 111] Connection refused
272,medium,30,error,connection_error,0.442,1771068170.033333,1771068170.033776,2026-02-14T11:22:50.033333+00:00,2026-02-14T11:22:50.033776+00:00,,,,180.0,[Errno 111] Connection refused
273,medium,30,error,connection_error,0.481,1771068170.409692,1771068170.410173,2026-02-14T11:22:50.409692+00:00,2026-02-14T11:22:50.410173+00:00,,,,180.0,[Errno 111] Connection refused
274,small,3,error,connection_error,0.442,1771068170.440626,1771068170.441069,2026-02-14T11:22:50.440626+00:00,2026-02-14T11:22:50.441069+00:00,,,,180.0,[Errno 111] Connection refused
275,medium,30,error,connection_error,0.466,1771068170.700782,1771068170.701249,2026-02-14T11:22:50.700782+00:00,2026-02-14T11:22:50.701249+00:00,,,,180.0,[Errno 111] Connection refused
276,medium,30,error,connection_error,0.473,1771068170.921974,1771068170.922448,2026-02-14T11:22:50.921974+00:00,2026-02-14T11:22:50.922448+00:00,,,,180.0,[Errno 111] Connection refused
277,large,500,error,connection_error,0.963,1771068170.980981,1771068170.981945,2026-02-14T11:22:50.980981+00:00,2026-02-14T11:22:50.981945+00:00,,,,180.0,[Errno 111] Connection refused
278,medium,30,error,connection_error,0.476,1771068171.780255,1771068171.780732,2026-02-14T11:22:51.780255+00:00,2026-02-14T11:22:51.780732+00:00,,,,180.0,[Errno 111] Connection refused
279,large,500,error,connection_error,0.976,1771068171.978464,1771068171.979441,2026-02-14T11:22:51.978464+00:00,2026-02-14T11:22:51.979441+00:00,,,,180.0,[Errno 111] Connection refused
280,small,3,error,connection_error,0.648,1771068172.223218,1771068172.223867,2026-02-14T11:22:52.223218+00:00,2026-02-14T11:22:52.223867+00:00,,,,180.0,[Errno 111] Connection refused
281,medium,30,error,connection_error,0.464,1771068172.299471,1771068172.299935,2026-02-14T11:22:52.299471+00:00,2026-02-14T11:22:52.299935+00:00,,,,180.0,[Errno 111] Connection refused
282,small,3,error,connection_error,0.451,1771068172.562747,1771068172.563197,2026-02-14T11:22:52.562747+00:00,2026-02-14T11:22:52.563197+00:00,,,,180.0,[Errno 111] Connection refused
283,small,3,error,connection_error,0.408,1771068172.919097,1771068172.919506,2026-02-14T11:22:52.919097+00:00,2026-02-14T11:22:52.919506+00:00,,,,180.0,[Errno 111] Connection refused
284,small,3,error,connection_error,0.401,1771068172.982034,1771068172.982436,2026-02-14T11:22:52.982034+00:00,2026-02-14T11:22:52.982436+00:00,,,,180.0,[Errno 111] Connection refused
285,large,500,error,connection_error,1.012,1771068173.638629,1771068173.639642,2026-02-14T11:22:53.638629+00:00,2026-02-14T11:22:53.639642+00:00,,,,180.0,[Errno 111] Connection refused
286,large,500,error,connection_error,1.022,1771068173.863391,1771068173.864413,2026-02-14T11:22:53.863391+00:00,2026-02-14T11:22:53.864413+00:00,,,,180.0,[Errno 111] Connection refused
287,large,500,error,connection_error,1.002,1771068174.771886,1771068174.772888,2026-02-14T11:22:54.771886+00:00,2026-02-14T11:22:54.772888+00:00,,,,180.0,[Errno 111] Connection refused
288,medium,30,error,connection_error,0.459,1771068174.783346,1771068174.783805,2026-02-14T11:22:54.783346+00:00,2026-02-14T11:22:54.783805+00:00,,,,180.0,[Errno 111] Connection refused
289,small,3,error,connection_error,0.426,1771068175.043535,1771068175.043961,2026-02-14T11:22:55.043535+00:00,2026-02-14T11:22:55.043961+00:00,,,,180.0,[Errno 111] Connection refused
290,small,3,error,connection_error,0.452,1771068175.208637,1771068175.20909,2026-02-14T11:22:55.208637+00:00,2026-02-14T11:22:55.209090+00:00,,,,180.0,[Errno 111] Connection refused
291,medium,30,error,connection_error,0.441,1771068175.916259,1771068175.916701,2026-02-14T11:22:55.916259+00:00,2026-02-14T11:22:55.916701+00:00,,,,180.0,[Errno 111] Connection refused
292,small,3,error,connection_error,0.672,1771068176.300555,1771068176.301228,2026-02-14T11:22:56.300555+00:00,2026-02-14T11:22:56.301228+00:00,,,,180.0,[Errno 111] Connection refused
293,small,3,error,connection_error,0.42,1771068176.751188,1771068176.751608,2026-02-14T11:22:56.751188+00:00,2026-02-14T11:22:56.751608+00:00,,,,180.0,[Errno 111] Connection refused
294,large,500,error,connection_error,0.998,1771068176.975339,1771068176.976337,2026-02-14T11:22:56.975339+00:00,2026-02-14T11:22:56.976337+00:00,,,,180.0,[Errno 111] Connection refused
295,medium,30,error,connection_error,0.484,1771068177.02182,1771068177.022304,2026-02-14T11:22:57.021820+00:00,2026-02-14T11:22:57.022304+00:00,,,,180.0,[Errno 111] Connection refused
296,small,3,error,connection_error,0.378,1771068177.043697,1771068177.044076,2026-02-14T11:22:57.043697+00:00,2026-02-14T11:22:57.044076+00:00,,,,180.0,[Errno 111] Connection refused
297,large,500,error,connection_error,0.922,1771068177.071481,1771068177.072404,2026-02-14T11:22:57.071481+00:00,2026-02-14T11:22:57.072404+00:00,,,,180.0,[Errno 111] Connection refused
298,small,3,error,connection_error,0.403,1771068177.169955,1771068177.170359,2026-02-14T11:22:57.169955+00:00,2026-02-14T11:22:57.170359+00:00,,,,180.0,[Errno 111] Connection refused
299,small,3,error,connection_error,0.396,1771068177.235863,1771068177.23626,2026-02-14T11:22:57.235863+00:00,2026-02-14T11:22:57.236260+00:00,,,,180.0,[Errno 111] Connection refused
300,small,3,error,connection_error,0.404,1771068177.463964,1771068177.464369,2026-02-14T11:22:57.463964+00:00,2026-02-14T11:22:57.464369+00:00,,,,180.0,[Errno 111] Connection refused
301,medium,30,error,connection_error,0.453,1771068177.604044,1771068177.604498,2026-02-14T11:22:57.604044+00:00,2026-02-14T11:22:57.604498+00:00,,,,180.0,[Errno 111] Connection refused
302,medium,30,error,connection_error,0.441,1771068177.638975,1771068177.639417,2026-02-14T11:22:57.638975+00:00,2026-02-14T11:22:57.639417+00:00,,,,180.0,[Errno 111] Connection refused
303,medium,30,error,connection_error,0.455,1771068177.69288,1771068177.693335,2026-02-14T11:22:57.692880+00:00,2026-02-14T11:22:57.693335+00:00,,,,180.0,[Errno 111] Connection refused
304,small,3,error,connection_error,0.655,1771068177.78795,1771068177.788606,2026-02-14T11:22:57.787950+00:00,2026-02-14T11:22:57.788606+00:00,,,,180.0,[Errno 111] Connection refused
305,small,3,error,connection_error,0.427,1771068177.915134,1771068177.915561,2026-02-14T11:22:57.915134+00:00,2026-02-14T11:22:57.915561+00:00,,,,180.0,[Errno 111] Connection refused
306,small,3,error,connection_error,0.444,1771068178.538665,1771068178.53911,2026-02-14T11:22:58.538665+00:00,2026-02-14T11:22:58.539110+00:00,,,,180.0,[Errno 111] Connection refused
307,medium,30,error,connection_error,0.456,1771068178.791948,1771068178.792405,2026-02-14T11:22:58.791948+00:00,2026-02-14T11:22:58.792405+00:00,,,,180.0,[Errno 111] Connection refused
308,small,3,error,connection_error,0.436,1771068178.795812,1771068178.796249,2026-02-14T11:22:58.795812+00:00,2026-02-14T11:22:58.796249+00:00,,,,180.0,[Errno 111] Connection refused
309,medium,30,error,connection_error,0.4,1771068178.839677,1771068178.840078,2026-02-14T11:22:58.839677+00:00,2026-02-14T11:22:58.840078+00:00,,,,180.0,[Errno 111] Connection refused
310,small,3,error,connection_error,0.409,1771068178.878574,1771068178.878984,2026-02-14T11:22:58.878574+00:00,2026-02-14T11:22:58.878984+00:00,,,,180.0,[Errno 111] Connection refused
311,large,500,error,connection_error,0.952,1771068178.88938,1771068178.890332,2026-02-14T11:22:58.889380+00:00,2026-02-14T11:22:58.890332+00:00,,,,180.0,[Errno 111] Connection refused
312,small,3,error,connection_error,0.397,1771068178.950767,1771068178.951165,2026-02-14T11:22:58.950767+00:00,2026-02-14T11:22:58.951165+00:00,,,,180.0,[Errno 111] Connection refused
313,medium,30,error,connection_error,0.488,1771068179.830548,1771068179.831037,2026-02-14T11:22:59.830548+00:00,2026-02-14T11:22:59.831037+00:00,,,,180.0,[Errno 111] Connection refused
314,small,3,error,connection_error,0.447,1771068180.014751,1771068180.015198,2026-02-14T11:23:00.014751+00:00,2026-02-14T11:23:00.015198+00:00,,,,180.0,[Errno 111] Connection refused
315,medium,30,error,connection_error,0.49,1771068180.064721,1771068180.065212,2026-02-14T11:23:00.064721+00:00,2026-02-14T11:23:00.065212+00:00,,,,180.0,[Errno 111] Connection refused
316,medium,30,error,connection_error,0.874,1771068180.130723,1771068180.131598,2026-02-14T11:23:00.130723+00:00,2026-02-14T11:23:00.131598+00:00,,,,180.0,[Errno 111] Connection refused
317,small,3,error,connection_error,0.42,1771068180.347328,1771068180.347749,2026-02-14T11:23:00.347328+00:00,2026-02-14T11:23:00.347749+00:00,,,,180.0,[Errno 111] Connection refused
318,small,3,error,connection_error,0.461,1771068180.547485,1771068180.547946,2026-02-14T11:23:00.547485+00:00,2026-02-14T11:23:00.547946+00:00,,,,180.0,[Errno 111] Connection refused
319,small,3,error,connection_error,0.466,1771068180.962867,1771068180.963334,2026-02-14T11:23:00.962867+00:00,2026-02-14T11:23:00.963334+00:00,,,,180.0,[Errno 111] Connection refused
320,large,500,error,connection_error,0.977,1771068181.481421,1771068181.482399,2026-02-14T11:23:01.481421+00:00,2026-02-14T11:23:01.482399+00:00,,,,180.0,[Errno 111] Connection refused
321,medium,30,error,connection_error,0.471,1771068181.834226,1771068181.834698,2026-02-14T11:23:01.834226+00:00,2026-02-14T11:23:01.834698+00:00,,,,180.0,[Errno 111] Connection refused
322,small,3,error,connection_error,0.472,1771068182.175606,1771068182.176078,2026-02-14T11:23:02.175606+00:00,2026-02-14T11:23:02.176078+00:00,,,,180.0,[Errno 111] Connection refused
323,medium,30,error,connection_error,0.505,1771068182.229604,1771068182.230109,2026-02-14T11:23:02.229604+00:00,2026-02-14T11:23:02.230109+00:00,,,,180.0,[Errno 111] Connection refused
324,small,3,error,connection_error,0.444,1771068182.380768,1771068182.381213,2026-02-14T11:23:02.380768+00:00,2026-02-14T11:23:02.381213+00:00,,,,180.0,[Errno 111] Connection refused
325,small,3,error,connection_error,0.437,1771068182.777177,1771068182.777615,2026-02-14T11:23:02.777177+00:00,2026-02-14T11:23:02.777615+00:00,,,,180.0,[Errno 111] Connection refused
326,medium,30,error,connection_error,0.477,1771068182.869226,1771068182.869704,2026-02-14T11:23:02.869226+00:00,2026-02-14T11:23:02.869704+00:00,,,,180.0,[Errno 111] Connection refused
327,small,3,error,connection_error,0.424,1771068183.076426,1771068183.076851,2026-02-14T11:23:03.076426+00:00,2026-02-14T11:23:03.076851+00:00,,,,180.0,[Errno 111] Connection refused
328,small,3,error,connection_error,0.65,1771068183.306567,1771068183.307219,2026-02-14T11:23:03.306567+00:00,2026-02-14T11:23:03.307219+00:00,,,,180.0,[Errno 111] Connection refused
329,small,3,error,connection_error,0.456,1771068184.268739,1771068184.269195,2026-02-14T11:23:04.268739+00:00,2026-02-14T11:23:04.269195+00:00,,,,180.0,[Errno 111] Connection refused
330,small,3,error,connection_error,0.433,1771068184.59806,1771068184.598494,2026-02-14T11:23:04.598060+00:00,2026-02-14T11:23:04.598494+00:00,,,,180.0,[Errno 111] Connection refused
331,medium,30,error,connection_error,0.458,1771068185.594019,1771068185.594478,2026-02-14T11:23:05.594019+00:00,2026-02-14T11:23:05.594478+00:00,,,,180.0,[Errno 111] Connection refused
332,medium,30,error,connection_error,0.446,1771068185.752131,1771068185.752577,2026-02-14T11:23:05.752131+00:00,2026-02-14T11:23:05.752577+00:00,,,,180.0,[Errno 111] Connection refused
333,medium,30,error,connection_error,0.466,1771068185.754985,1771068185.755452,2026-02-14T11:23:05.754985+00:00,2026-02-14T11:23:05.755452+00:00,,,,180.0,[Errno 111] Connection refused
334,small,3,error,connection_error,0.387,1771068185.806893,1771068185.80728,2026-02-14T11:23:05.806893+00:00,2026-02-14T11:23:05.807280+00:00,,,,180.0,[Errno 111] Connection refused
335,medium,30,error,connection_error,0.48,1771068185.929826,1771068185.930307,2026-02-14T11:23:05.929826+00:00,2026-02-14T11:23:05.930307+00:00,,,,180.0,[Errno 111] Connection refused
336,small,3,error,connection_error,0.404,1771068185.935683,1771068185.936088,2026-02-14T11:23:05.935683+00:00,2026-02-14T11:23:05.936088+00:00,,,,180.0,[Errno 111] Connection refused
337,large,500,error,connection_error,0.999,1771068186.485098,1771068186.486098,2026-02-14T11:23:06.485098+00:00,2026-02-14T11:23:06.486098+00:00,,,,180.0,[Errno 111] Connection refused
338,medium,30,error,connection_error,0.491,1771068186.596727,1771068186.597218,2026-02-14T11:23:06.596727+00:00,2026-02-14T11:23:06.597218+00:00,,,,180.0,[Errno 111] Connection refused
339,medium,30,error,connection_error,0.474,1771068187.21636,1771068187.216834,2026-02-14T11:23:07.216360+00:00,2026-02-14T11:23:07.216834+00:00,,,,180.0,[Errno 111] Connection refused
340,large,500,error,connection_error,1.233,1771068187.356485,1771068187.357719,2026-02-14T11:23:07.356485+00:00,2026-02-14T11:23:07.357719+00:00,,,,180.0,[Errno 111] Connection refused
341,medium,30,error,connection_error,0.46,1771068187.443268,1771068187.443729,2026-02-14T11:23:07.443268+00:00,2026-02-14T11:23:07.443729+00:00,,,,180.0,[Errno 111] Connection refused
342,medium,30,error,connection_error,0.43,1771068187.544304,1771068187.544735,2026-02-14T11:23:07.544304+00:00,2026-02-14T11:23:07.544735+00:00,,,,180.0,[Errno 111] Connection refused
343,medium,30,error,connection_error,0.455,1771068187.948645,1771068187.949101,2026-02-14T11:23:07.948645+00:00,2026-02-14T11:23:07.949101+00:00,,,,180.0,[Errno 111] Connection refused
344,small,3,error,connection_error,0.472,1771068188.153832,1771068188.154306,2026-02-14T11:23:08.153832+00:00,2026-02-14T11:23:08.154306+00:00,,,,180.0,[Errno 111] Connection refused
345,medium,30,error,connection_error,0.469,1771068188.299974,1771068188.300444,2026-02-14T11:23:08.299974+00:00,2026-02-14T11:23:08.300444+00:00,,,,180.0,[Errno 111] Connection refused
346,small,3,error,connection_error,0.399,1771068188.39502,1771068188.39542,2026-02-14T11:23:08.395020+00:00,2026-02-14T11:23:08.395420+00:00,,,,180.0,[Errno 111] Connection refused
347,medium,30,error,connection_error,0.461,1771068188.541084,1771068188.541545,2026-02-14T11:23:08.541084+00:00,2026-02-14T11:23:08.541545+00:00,,,,180.0,[Errno 111] Connection refused
348,small,3,error,connection_error,0.427,1771068188.612067,1771068188.612495,2026-02-14T11:23:08.612067+00:00,2026-02-14T11:23:08.612495+00:00,,,,180.0,[Errno 111] Connection refused
349,large,500,error,connection_error,0.985,1771068188.653987,1771068188.654972,2026-02-14T11:23:08.653987+00:00,2026-02-14T11:23:08.654972+00:00,,,,180.0,[Errno 111] Connection refused
350,large,500,error,connection_error,0.977,1771068188.876611,1771068188.877589,2026-02-14T11:23:08.876611+00:00,2026-02-14T11:23:08.877589+00:00,,,,180.0,[Errno 111] Connection refused
351,medium,30,error,connection_error,0.459,1771068189.495703,1771068189.496162,2026-02-14T11:23:09.495703+00:00,2026-02-14T11:23:09.496162+00:00,,,,180.0,[Errno 111] Connection refused
352,large,500,error,connection_error,1.229,1771068189.549659,1771068189.550889,2026-02-14T11:23:09.549659+00:00,2026-02-14T11:23:09.550889+00:00,,,,180.0,[Errno 111] Connection refused
353,medium,30,error,connection_error,0.484,1771068190.011871,1771068190.012355,2026-02-14T11:23:10.011871+00:00,2026-02-14T11:23:10.012355+00:00,,,,180.0,[Errno 111] Connection refused
354,small,3,error,connection_error,0.417,1771068190.151011,1771068190.151429,2026-02-14T11:23:10.151011+00:00,2026-02-14T11:23:10.151429+00:00,,,,180.0,[Errno 111] Connection refused
355,medium,30,error,connection_error,0.469,1771068190.305136,1771068190.305606,2026-02-14T11:23:10.305136+00:00,2026-02-14T11:23:10.305606+00:00,,,,180.0,[Errno 111] Connection refused
356,large,500,error,connection_error,1.0,1771068190.572378,1771068190.573379,2026-02-14T11:23:10.572378+00:00,2026-02-14T11:23:10.573379+00:00,,,,180.0,[Errno 111] Connection refused
357,medium,30,error,connection_error,0.446,1771068190.701022,1771068190.701469,2026-02-14T11:23:10.701022+00:00,2026-02-14T11:23:10.701469+00:00,,,,180.0,[Errno 111] Connection refused
358,large,500,error,connection_error,1.022,1771068190.755994,1771068190.757017,2026-02-14T11:23:10.755994+00:00,2026-02-14T11:23:10.757017+00:00,,,,180.0,[Errno 111] Connection refused
359,small,3,error,connection_error,0.398,1771068190.805487,1771068190.805885,2026-02-14T11:23:10.805487+00:00,2026-02-14T11:23:10.805885+00:00,,,,180.0,[Errno 111] Connection refused
360,medium,30,error,connection_error,0.492,1771068191.26088,1771068191.261372,2026-02-14T11:23:11.260880+00:00,2026-02-14T11:23:11.261372+00:00,,,,180.0,[Errno 111] Connection refused
361,small,3,error,connection_error,0.467,1771068191.301843,1771068191.302311,2026-02-14T11:23:11.301843+00:00,2026-02-14T11:23:11.302311+00:00,,,,180.0,[Errno 111] Connection refused
362,small,3,error,connection_error,0.407,1771068191.347768,1771068191.348176,2026-02-14T11:23:11.347768+00:00,2026-02-14T11:23:11.348176+00:00,,,,180.0,[Errno 111] Connection refused
363,small,3,error,connection_error,0.435,1771068191.61788,1771068191.618316,2026-02-14T11:23:11.617880+00:00,2026-02-14T11:23:11.618316+00:00,,,,180.0,[Errno 111] Connection refused
364,large,500,error,connection_error,1.242,1771068191.723892,1771068191.725135,2026-02-14T11:23:11.723892+00:00,2026-02-14T11:23:11.725135+00:00,,,,180.0,[Errno 111] Connection refused
365,medium,30,error,connection_error,0.446,1771068191.833732,1771068191.834179,2026-02-14T11:23:11.833732+00:00,2026-02-14T11:23:11.834179+00:00,,,,180.0,[Errno 111] Connection refused
366,large,500,error,connection_error,1.006,1771068192.432175,1771068192.433182,2026-02-14T11:23:12.432175+00:00,2026-02-14T11:23:12.433182+00:00,,,,180.0,[Errno 111] Connection refused
367,large,500,error,connection_error,1.002,1771068192.505774,1771068192.506778,2026-02-14T11:23:12.505774+00:00,2026-02-14T11:23:12.506778+00:00,,,,180.0,[Errno 111] Connection refused
368,medium,30,error,connection_error,0.492,1771068192.903733,1771068192.904225,2026-02-14T11:23:12.903733+00:00,2026-02-14T11:23:12.904225+00:00,,,,180.0,[Errno 111] Connection refused
369,medium,30,error,connection_error,0.47,1771068193.482383,1771068193.482854,2026-02-14T11:23:13.482383+00:00,2026-02-14T11:23:13.482854+00:00,,,,180.0,[Errno 111] Connection refused
370,large,500,error,connection_error,1.015,1771068193.602483,1771068193.603498,2026-02-14T11:23:13.602483+00:00,2026-02-14T11:23:13.603498+00:00,,,,180.0,[Errno 111] Connection refused
371,medium,30,error,connection_error,0.465,1771068193.822235,1771068193.822701,2026-02-14T11:23:13.822235+00:00,2026-02-14T11:23:13.822701+00:00,,,,180.0,[Errno 111] Connection refused
372,large,500,error,connection_error,1.045,1771068193.969399,1771068193.970445,2026-02-14T11:23:13.969399+00:00,2026-02-14T11:23:13.970445+00:00,,,,180.0,[Errno 111] Connection refused
373,small,3,error,connection_error,0.401,1771068194.330314,1771068194.330716,2026-02-14T11:23:14.330314+00:00,2026-02-14T11:23:14.330716+00:00,,,,180.0,[Errno 111] Connection refused
374,small,3,error,connection_error,0.427,1771068194.372253,1771068194.372681,2026-02-14T11:23:14.372253+00:00,2026-02-14T11:23:14.372681+00:00,,,,180.0,[Errno 111] Connection refused
375,small,3,error,connection_error,0.412,1771068194.592396,1771068194.592809,2026-02-14T11:23:14.592396+00:00,2026-02-14T11:23:14.592809+00:00,,,,180.0,[Errno 111] Connection refused
376,large,500,error,connection_error,1.283,1771068195.009736,1771068195.01102,2026-02-14T11:23:15.009736+00:00,2026-02-14T11:23:15.011020+00:00,,,,180.0,[Errno 111] Connection refused
377,small,3,error,connection_error,0.432,1771068195.496091,1771068195.496523,2026-02-14T11:23:15.496091+00:00,2026-02-14T11:23:15.496523+00:00,,,,180.0,[Errno 111] Connection refused
378,small,3,error,connection_error,0.424,1771068195.84139,1771068195.841814,2026-02-14T11:23:15.841390+00:00,2026-02-14T11:23:15.841814+00:00,,,,180.0,[Errno 111] Connection refused
379,medium,30,error,connection_error,0.482,1771068196.100602,1771068196.101084,2026-02-14T11:23:16.100602+00:00,2026-02-14T11:23:16.101084+00:00,,,,180.0,[Errno 111] Connection refused
380,medium,30,error,connection_error,0.454,1771068196.524014,1771068196.52447,2026-02-14T11:23:16.524014+00:00,2026-02-14T11:23:16.524470+00:00,,,,180.0,[Errno 111] Connection refused
381,medium,30,error,connection_error,0.499,1771068197.375838,1771068197.376338,2026-02-14T11:23:17.375838+00:00,2026-02-14T11:23:17.376338+00:00,,,,180.0,[Errno 111] Connection refused
382,small,3,error,connection_error,0.405,1771068197.589048,1771068197.589453,2026-02-14T11:23:17.589048+00:00,2026-02-14T11:23:17.589453+00:00,,,,180.0,[Errno 111] Connection refused
383,small,3,error,connection_error,0.422,1771068197.728116,1771068197.728539,2026-02-14T11:23:17.728116+00:00,2026-02-14T11:23:17.728539+00:00,,,,180.0,[Errno 111] Connection refused
384,small,3,error,connection_error,0.43,1771068197.92425,1771068197.924681,2026-02-14T11:23:17.924250+00:00,2026-02-14T11:23:17.924681+00:00,,,,180.0,[Errno 111] Connection refused
385,large,500,error,connection_error,1.085,1771068198.000272,1771068198.001358,2026-02-14T11:23:18.000272+00:00,2026-02-14T11:23:18.001358+00:00,,,,180.0,[Errno 111] Connection refused
386,medium,30,error,connection_error,0.441,1771068198.206082,1771068198.206523,2026-02-14T11:23:18.206082+00:00,2026-02-14T11:23:18.206523+00:00,,,,180.0,[Errno 111] Connection refused
387,medium,30,error,connection_error,0.449,1771068198.454288,1771068198.454739,2026-02-14T11:23:18.454288+00:00,2026-02-14T11:23:18.454739+00:00,,,,180.0,[Errno 111] Connection refused
388,large,500,error,connection_error,1.279,1771068198.964776,1771068198.966056,2026-02-14T11:23:18.964776+00:00,2026-02-14T11:23:18.966056+00:00,,,,180.0,[Errno 111] Connection refused
389,small,3,error,connection_error,0.45,1771068198.966294,1771068198.966745,2026-02-14T11:23:18.966294+00:00,2026-02-14T11:23:18.966745+00:00,,,,180.0,[Errno 111] Connection refused
390,medium,30,error,connection_error,0.49,1771068199.346577,1771068199.347068,2026-02-14T11:23:19.346577+00:00,2026-02-14T11:23:19.347068+00:00,,,,180.0,[Errno 111] Connection refused
391,small,3,error,connection_error,0.439,1771068199.435639,1771068199.436079,2026-02-14T11:23:19.435639+00:00,2026-02-14T11:23:19.436079+00:00,,,,180.0,[Errno 111] Connection refused
392,large,500,error,connection_error,0.972,1771068199.437458,1771068199.43843,2026-02-14T11:23:19.437458+00:00,2026-02-14T11:23:19.438430+00:00,,,,180.0,[Errno 111] Connection refused
393,small,3,error,connection_error,0.329,1771068199.466804,1771068199.467133,2026-02-14T11:23:19.466804+00:00,2026-02-14T11:23:19.467133+00:00,,,,180.0,[Errno 111] Connection refused
394,small,3,error,connection_error,0.407,1771068199.605677,1771068199.606085,2026-02-14T11:23:19.605677+00:00,2026-02-14T11:23:19.606085+00:00,,,,180.0,[Errno 111] Connection refused
395,large,500,error,connection_error,1.099,1771068199.695655,1771068199.696754,2026-02-14T11:23:19.695655+00:00,2026-02-14T11:23:19.696754+00:00,,,,180.0,[Errno 111] Connection refused
396,small,3,error,connection_error,0.422,1771068199.770357,1771068199.77078,2026-02-14T11:23:19.770357+00:00,2026-02-14T11:23:19.770780+00:00,,,,180.0,[Errno 111] Connection refused
397,medium,30,error,connection_error,0.481,1771068200.361968,1771068200.36245,2026-02-14T11:23:20.361968+00:00,2026-02-14T11:23:20.362450+00:00,,,,180.0,[Errno 111] Connection refused
398,large,500,error,connection_error,0.991,1771068200.62822,1771068200.629211,2026-02-14T11:23:20.628220+00:00,2026-02-14T11:23:20.629211+00:00,,,,180.0,[Errno 111] Connection refused
399,small,3,error,connection_error,0.645,1771068200.785017,1771068200.785662,2026-02-14T11:23:20.785017+00:00,2026-02-14T11:23:20.785662+00:00,,,,180.0,[Errno 111] Connection refused
400,small,3,error,connection_error,0.653,1771068200.893238,1771068200.893891,2026-02-14T11:23:20.893238+00:00,2026-02-14T11:23:20.893891+00:00,,,,180.0,[Errno 111] Connection refused
401,large,500,error,connection_error,1.083,1771068201.946476,1771068201.947559,2026-02-14T11:23:21.946476+00:00,2026-02-14T11:23:21.947559+00:00,,,,180.0,[Errno 111] Connection refused
402,small,3,error,connection_error,0.427,1771068202.344466,1771068202.344893,2026-02-14T11:23:22.344466+00:00,2026-02-14T11:23:22.344893+00:00,,,,180.0,[Errno 111] Connection refused
403,medium,30,error,connection_error,0.479,1771068202.607713,1771068202.608193,2026-02-14T11:23:22.607713+00:00,2026-02-14T11:23:22.608193+00:00,,,,180.0,[Errno 111] Connection refused
404,small,3,error,connection_error,0.455,1771068202.704774,1771068202.70523,2026-02-14T11:23:22.704774+00:00,2026-02-14T11:23:22.705230+00:00,,,,180.0,[Errno 111] Connection refused
405,large,500,error,connection_error,1.058,1771068203.514532,1771068203.51559,2026-02-14T11:23:23.514532+00:00,2026-02-14T11:23:23.515590+00:00,,,,180.0,[Errno 111] Connection refused
406,medium,30,error,connection_error,0.445,1771068203.679256,1771068203.679701,2026-02-14T11:23:23.679256+00:00,2026-02-14T11:23:23.679701+00:00,,,,180.0,[Errno 111] Connection refused
407,medium,30,error,connection_error,0.468,1771068204.153692,1771068204.15416,2026-02-14T11:23:24.153692+00:00,2026-02-14T11:23:24.154160+00:00,,,,180.0,[Errno 111] Connection refused
408,small,3,error,connection_error,0.421,1771068204.409934,1771068204.410356,2026-02-14T11:23:24.409934+00:00,2026-02-14T11:23:24.410356+00:00,,,,180.0,[Errno 111] Connection refused
409,medium,30,error,connection_error,0.465,1771068204.420773,1771068204.421239,2026-02-14T11:23:24.420773+00:00,2026-02-14T11:23:24.421239+00:00,,,,180.0,[Errno 111] Connection refused
410,large,500,error,connection_error,0.973,1771068204.660882,1771068204.661855,2026-02-14T11:23:24.660882+00:00,2026-02-14T11:23:24.661855+00:00,,,,180.0,[Errno 111] Connection refused
411,small,3,error,connection_error,0.453,1771068204.851593,1771068204.852046,2026-02-14T11:23:24.851593+00:00,2026-02-14T11:23:24.852046+00:00,,,,180.0,[Errno 111] Connection refused
412,medium,30,error,connection_error,0.68,1771068204.902575,1771068204.903255,2026-02-14T11:23:24.902575+00:00,2026-02-14T11:23:24.903255+00:00,,,,180.0,[Errno 111] Connection refused
413,medium,30,error,connection_error,0.454,1771068205.201083,1771068205.201538,2026-02-14T11:23:25.201083+00:00,2026-02-14T11:23:25.201538+00:00,,,,180.0,[Errno 111] Connection refused
414,large,500,error,connection_error,1.003,1771068205.538388,1771068205.539391,2026-02-14T11:23:25.538388+00:00,2026-02-14T11:23:25.539391+00:00,,,,180.0,[Errno 111] Connection refused
415,small,3,error,connection_error,0.451,1771068206.211631,1771068206.212083,2026-02-14T11:23:26.211631+00:00,2026-02-14T11:23:26.212083+00:00,,,,180.0,[Errno 111] Connection refused
416,medium,30,error,connection_error,0.457,1771068207.038433,1771068207.03889,2026-02-14T11:23:27.038433+00:00,2026-02-14T11:23:27.038890+00:00,,,,180.0,[Errno 111] Connection refused
417,medium,30,error,connection_error,0.465,1771068207.542967,1771068207.543432,2026-02-14T11:23:27.542967+00:00,2026-02-14T11:23:27.543432+00:00,,,,180.0,[Errno 111] Connection refused
418,medium,30,error,connection_error,0.453,1771068207.633028,1771068207.633481,2026-02-14T11:23:27.633028+00:00,2026-02-14T11:23:27.633481+00:00,,,,180.0,[Errno 111] Connection refused
419,small,3,error,connection_error,0.4,1771068207.702025,1771068207.702426,2026-02-14T11:23:27.702025+00:00,2026-02-14T11:23:27.702426+00:00,,,,180.0,[Errno 111] Connection refused
420,small,3,error,connection_error,0.427,1771068207.768955,1771068207.769382,2026-02-14T11:23:27.768955+00:00,2026-02-14T11:23:27.769382+00:00,,,,180.0,[Errno 111] Connection refused
421,small,3,error,connection_error,0.417,1771068208.049197,1771068208.049615,2026-02-14T11:23:28.049197+00:00,2026-02-14T11:23:28.049615+00:00,,,,180.0,[Errno 111] Connection refused
422,small,3,error,connection_error,0.43,1771068208.079092,1771068208.079523,2026-02-14T11:23:28.079092+00:00,2026-02-14T11:23:28.079523+00:00,,,,180.0,[Errno 111] Connection refused
423,medium,30,error,connection_error,0.373,1771068208.079777,1771068208.080149,2026-02-14T11:23:28.079777+00:00,2026-02-14T11:23:28.080149+00:00,,,,180.0,[Errno 111] Connection refused
424,small,3,error,connection_error,0.652,1771068208.15062,1771068208.151273,2026-02-14T11:23:28.150620+00:00,2026-02-14T11:23:28.151273+00:00,,,,180.0,[Errno 111] Connection refused
425,medium,30,error,connection_error,0.459,1771068208.579213,1771068208.579672,2026-02-14T11:23:28.579213+00:00,2026-02-14T11:23:28.579672+00:00,,,,180.0,[Errno 111] Connection refused
426,small,3,error,connection_error,0.462,1771068208.882527,1771068208.882989,2026-02-14T11:23:28.882527+00:00,2026-02-14T11:23:28.882989+00:00,,,,180.0,[Errno 111] Connection refused
427,medium,30,error,connection_error,0.41,1771068208.905423,1771068208.905834,2026-02-14T11:23:28.905423+00:00,2026-02-14T11:23:28.905834+00:00,,,,180.0,[Errno 111] Connection refused
428,small,3,error,connection_error,0.45,1771068209.092497,1771068209.092947,2026-02-14T11:23:29.092497+00:00,2026-02-14T11:23:29.092947+00:00,,,,180.0,[Errno 111] Connection refused
429,medium,30,error,connection_error,0.485,1771068209.192568,1771068209.193054,2026-02-14T11:23:29.192568+00:00,2026-02-14T11:23:29.193054+00:00,,,,180.0,[Errno 111] Connection refused
430,medium,30,error,connection_error,0.433,1771068209.422755,1771068209.423188,2026-02-14T11:23:29.422755+00:00,2026-02-14T11:23:29.423188+00:00,,,,180.0,[Errno 111] Connection refused
431,large,500,error,connection_error,1.01,1771068209.554833,1771068209.555844,2026-02-14T11:23:29.554833+00:00,2026-02-14T11:23:29.555844+00:00,,,,180.0,[Errno 111] Connection refused
432,large,500,error,connection_error,0.978,1771068210.461271,1771068210.462249,2026-02-14T11:23:30.461271+00:00,2026-02-14T11:23:30.462249+00:00,,,,180.0,[Errno 111] Connection refused
433,medium,30,error,connection_error,0.454,1771068210.737049,1771068210.737504,2026-02-14T11:23:30.737049+00:00,2026-02-14T11:23:30.737504+00:00,,,,180.0,[Errno 111] Connection refused
434,large,500,error,connection_error,0.954,1771068211.028274,1771068211.029229,2026-02-14T11:23:31.028274+00:00,2026-02-14T11:23:31.029229+00:00,,,,180.0,[Errno 111] Connection refused
435,medium,30,error,connection_error,0.488,1771068211.310019,1771068211.310508,2026-02-14T11:23:31.310019+00:00,2026-02-14T11:23:31.310508+00:00,,,,180.0,[Errno 111] Connection refused
436,large,500,error,connection_error,1.227,1771068211.891574,1771068211.892802,2026-02-14T11:23:31.891574+00:00,2026-02-14T11:23:31.892802+00:00,,,,180.0,[Errno 111] Connection refused
437,medium,30,error,connection_error,0.456,1771068212.224653,1771068212.225109,2026-02-14T11:23:32.224653+00:00,2026-02-14T11:23:32.225109+00:00,,,,180.0,[Errno 111] Connection refused
438,small,3,error,connection_error,0.461,1771068212.522874,1771068212.523335,2026-02-14T11:23:32.522874+00:00,2026-02-14T11:23:32.523335+00:00,,,,180.0,[Errno 111] Connection refused
439,large,500,error,connection_error,0.998,1771068212.632957,1771068212.633955,2026-02-14T11:23:32.632957+00:00,2026-02-14T11:23:32.633955+00:00,,,,180.0,[Errno 111] Connection refused
440,large,500,error,connection_error,1.024,1771068212.746578,1771068212.747602,2026-02-14T11:23:32.746578+00:00,2026-02-14T11:23:32.747602+00:00,,,,180.0,[Errno 111] Connection refused
441,large,500,error,connection_error,1.013,1771068213.092487,1771068213.093502,2026-02-14T11:23:33.092487+00:00,2026-02-14T11:23:33.093502+00:00,,,,180.0,[Errno 111] Connection refused
442,medium,30,error,connection_error,0.458,1771068213.667533,1771068213.667992,2026-02-14T11:23:33.667533+00:00,2026-02-14T11:23:33.667992+00:00,,,,180.0,[Errno 111] Connection refused
443,medium,30,error,connection_error,0.491,1771068213.972782,1771068213.973273,2026-02-14T11:23:33.972782+00:00,2026-02-14T11:23:33.973273+00:00,,,,180.0,[Errno 111] Connection refused
444,small,3,error,connection_error,0.419,1771068214.237067,1771068214.237487,2026-02-14T11:23:34.237067+00:00,2026-02-14T11:23:34.237487+00:00,,,,180.0,[Errno 111] Connection refused
445,small,3,error,connection_error,0.437,1771068214.44617,1771068214.446607,2026-02-14T11:23:34.446170+00:00,2026-02-14T11:23:34.446607+00:00,,,,180.0,[Errno 111] Connection refused
446,large,500,error,connection_error,1.008,1771068215.073698,1771068215.074707,2026-02-14T11:23:35.073698+00:00,2026-02-14T11:23:35.074707+00:00,,,,180.0,[Errno 111] Connection refused
447,small,3,error,connection_error,0.467,1771068215.590745,1771068215.591213,2026-02-14T11:23:35.590745+00:00,2026-02-14T11:23:35.591213+00:00,,,,180.0,[Errno 111] Connection refused
448,small,3,error,connection_error,0.679,1771068216.032165,1771068216.032844,2026-02-14T11:23:36.032165+00:00,2026-02-14T11:23:36.032844+00:00,,,,180.0,[Errno 111] Connection refused
449,medium,30,error,connection_error,0.468,1771068216.132481,1771068216.132949,2026-02-14T11:23:36.132481+00:00,2026-02-14T11:23:36.132949+00:00,,,,180.0,[Errno 111] Connection refused
450,medium,30,error,connection_error,0.492,1771068216.179444,1771068216.179936,2026-02-14T11:23:36.179444+00:00,2026-02-14T11:23:36.179936+00:00,,,,180.0,[Errno 111] Connection refused
451,small,3,error,connection_error,0.442,1771068216.997262,1771068216.997705,2026-02-14T11:23:36.997262+00:00,2026-02-14T11:23:36.997705+00:00,,,,180.0,[Errno 111] Connection refused
452,small,3,error,connection_error,0.422,1771068216.998044,1771068216.998466,2026-02-14T11:23:36.998044+00:00,2026-02-14T11:23:36.998466+00:00,,,,180.0,[Errno 111] Connection refused
453,medium,30,error,connection_error,0.455,1771068217.110997,1771068217.111452,2026-02-14T11:23:37.110997+00:00,2026-02-14T11:23:37.111452+00:00,,,,180.0,[Errno 111] Connection refused
454,large,500,error,connection_error,1.024,1771068217.388251,1771068217.389276,2026-02-14T11:23:37.388251+00:00,2026-02-14T11:23:37.389276+00:00,,,,180.0,[Errno 111] Connection refused
455,medium,30,error,connection_error,0.468,1771068217.414741,1771068217.415209,2026-02-14T11:23:37.414741+00:00,2026-02-14T11:23:37.415209+00:00,,,,180.0,[Errno 111] Connection refused
456,medium,30,error,connection_error,0.463,1771068217.632872,1771068217.633336,2026-02-14T11:23:37.632872+00:00,2026-02-14T11:23:37.633336+00:00,,,,180.0,[Errno 111] Connection refused
457,medium,30,error,connection_error,0.453,1771068217.847106,1771068217.84756,2026-02-14T11:23:37.847106+00:00,2026-02-14T11:23:37.847560+00:00,,,,180.0,[Errno 111] Connection refused
458,small,3,error,connection_error,0.42,1771068217.908145,1771068217.908566,2026-02-14T11:23:37.908145+00:00,2026-02-14T11:23:37.908566+00:00,,,,180.0,[Errno 111] Connection refused
459,medium,30,error,connection_error,0.496,1771068218.076231,1771068218.076728,2026-02-14T11:23:38.076231+00:00,2026-02-14T11:23:38.076728+00:00,,,,180.0,[Errno 111] Connection refused
460,medium,30,error,connection_error,0.896,1771068218.430603,1771068218.4315,2026-02-14T11:23:38.430603+00:00,2026-02-14T11:23:38.431500+00:00,,,,180.0,[Errno 111] Connection refused
461,small,3,error,connection_error,0.433,1771068218.672219,1771068218.672653,2026-02-14T11:23:38.672219+00:00,2026-02-14T11:23:38.672653+00:00,,,,180.0,[Errno 111] Connection refused
462,small,3,error,connection_error,0.418,1771068218.948405,1771068218.948824,2026-02-14T11:23:38.948405+00:00,2026-02-14T11:23:38.948824+00:00,,,,180.0,[Errno 111] Connection refused
463,small,3,error,connection_error,0.434,1771068219.026404,1771068219.026838,2026-02-14T11:23:39.026404+00:00,2026-02-14T11:23:39.026838+00:00,,,,180.0,[Errno 111] Connection refused
464,small,3,error,connection_error,0.4,1771068219.050288,1771068219.050689,2026-02-14T11:23:39.050288+00:00,2026-02-14T11:23:39.050689+00:00,,,,180.0,[Errno 111] Connection refused
465,small,3,error,connection_error,0.364,1771068219.084092,1771068219.084456,2026-02-14T11:23:39.084092+00:00,2026-02-14T11:23:39.084456+00:00,,,,180.0,[Errno 111] Connection refused
466,medium,30,error,connection_error,0.454,1771068219.196034,1771068219.196488,2026-02-14T11:23:39.196034+00:00,2026-02-14T11:23:39.196488+00:00,,,,180.0,[Errno 111] Connection refused
467,small,3,error,connection_error,0.424,1771068219.439223,1771068219.439647,2026-02-14T11:23:39.439223+00:00,2026-02-14T11:23:39.439647+00:00,,,,180.0,[Errno 111] Connection refused
468,medium,30,error,connection_error,0.448,1771068219.687346,1771068219.687795,2026-02-14T11:23:39.687346+00:00,2026-02-14T11:23:39.687795+00:00,,,,180.0,[Errno 111] Connection refused
469,small,3,error,connection_error,0.431,1771068219.795454,1771068219.795886,2026-02-14T11:23:39.795454+00:00,2026-02-14T11:23:39.795886+00:00,,,,180.0,[Errno 111] Connection refused
470,medium,30,error,connection_error,0.484,1771068220.234892,1771068220.235377,2026-02-14T11:23:40.234892+00:00,2026-02-14T11:23:40.235377+00:00,,,,180.0,[Errno 111] Connection refused
471,small,3,error,connection_error,0.435,1771068220.286947,1771068220.287383,2026-02-14T11:23:40.286947+00:00,2026-02-14T11:23:40.287383+00:00,,,,180.0,[Errno 111] Connection refused
472,large,500,error,connection_error,1.214,1771068220.730308,1771068220.731523,2026-02-14T11:23:40.730308+00:00,2026-02-14T11:23:40.731523+00:00,,,,180.0,[Errno 111] Connection refused
473,large,500,error,connection_error,0.996,1771068221.015269,1771068221.016265,2026-02-14T11:23:41.015269+00:00,2026-02-14T11:23:41.016265+00:00,,,,180.0,[Errno 111] Connection refused
474,medium,30,error,connection_error,0.421,1771068221.521257,1771068221.521679,2026-02-14T11:23:41.521257+00:00,2026-02-14T11:23:41.521679+00:00,,,,180.0,[Errno 111] Connection refused
475,medium,30,error,connection_error,0.483,1771068221.841569,1771068221.842053,2026-02-14T11:23:41.841569+00:00,2026-02-14T11:23:41.842053+00:00,,,,180.0,[Errno 111] Connection refused
476,large,500,error,connection_error,0.994,1771068222.323092,1771068222.324087,2026-02-14T11:23:42.323092+00:00,2026-02-14T11:23:42.324087+00:00,,,,180.0,[Errno 111] Connection refused
477,large,500,error,connection_error,0.961,1771068222.599878,1771068222.600839,2026-02-14T11:23:42.599878+00:00,2026-02-14T11:23:42.600839+00:00,,,,180.0,[Errno 111] Connection refused
478,medium,30,error,connection_error,0.479,1771068222.737521,1771068222.738001,2026-02-14T11:23:42.737521+00:00,2026-02-14T11:23:42.738001+00:00,,,,180.0,[Errno 111] Connection refused
479,medium,30,error,connection_error,0.486,1771068222.997774,1771068222.99826,2026-02-14T11:23:42.997774+00:00,2026-02-14T11:23:42.998260+00:00,,,,180.0,[Errno 111] Connection refused
