timestamp_unix,timestamp_iso,elapsed_sec,pid,pid_alive,rss_mb,vsz_mb,waiting_queue_size,running_batch_size,prefill_decode_size,req_to_token_pool_used,available_kv_tokens,memory_kvcache,internal_state_count,server_info_ok,server_info_status,server_info_error,metrics_ok,metrics_status,metrics_error
1771031980.060805,2026-02-14T01:19:40.060805+00:00,0.0,824178,True,385.633,4228.535,0,0,0,1,192320,20.77,1,True,200,,False,404,"{""detail"":""Not Found""}"
1771032015.023367,2026-02-14T01:20:15.023367+00:00,30.0,824178,True,387.008,4229.535,,,,,,,,False,,timed out,False,404,"{""detail"":""Not Found""}"
1771032040.432256,2026-02-14T01:20:40.432256+00:00,60.0,824178,True,387.008,4229.535,12,0,12,10,191744,20.77,1,True,200,,False,404,"{""detail"":""Not Found""}"
1771032075.024001,2026-02-14T01:21:15.024001+00:00,90.0,824178,True,387.008,4229.535,,,,,,,,False,,timed out,False,404,"{""detail"":""Not Found""}"
1771032101.397029,2026-02-14T01:21:41.397029+00:00,120.0,824178,True,387.008,4229.535,7,0,7,5,192064,20.77,1,True,200,,False,404,"{""detail"":""Not Found""}"
1771032130.331552,2026-02-14T01:22:10.331552+00:00,150.0,824178,True,387.008,4229.535,12,0,12,6,192000,20.77,1,True,200,,False,404,"{""detail"":""Not Found""}"
1771032160.019569,2026-02-14T01:22:40.019569+00:00,180.0,824178,True,385.91,4229.535,0,0,0,0,192384,20.77,1,True,200,,False,404,"{""detail"":""Not Found""}"
1771032190.019459,2026-02-14T01:23:10.019459+00:00,210.0,824178,True,385.91,4229.535,0,0,0,0,192384,20.77,1,True,200,,False,404,"{""detail"":""Not Found""}"
1771032220.020759,2026-02-14T01:23:40.020759+00:00,240.0,824178,True,385.91,4229.535,0,0,0,4,192128,20.77,1,True,200,,False,404,"{""detail"":""Not Found""}"
1771032250.019831,2026-02-14T01:24:10.019831+00:00,270.0,824178,True,385.566,4230.535,0,0,0,0,192384,20.77,1,True,200,,False,404,"{""detail"":""Not Found""}"
1771032280.01963,2026-02-14T01:24:40.019630+00:00,300.0,824178,True,385.566,4230.535,0,0,0,0,192384,20.77,1,True,200,,False,404,"{""detail"":""Not Found""}"
1771032310.021994,2026-02-14T01:25:10.021994+00:00,330.0,824178,True,385.566,4230.535,6,0,6,6,192000,20.77,1,True,200,,False,404,"{""detail"":""Not Found""}"
1771032340.019614,2026-02-14T01:25:40.019614+00:00,360.0,824178,True,385.215,4230.535,0,0,0,0,192384,20.77,1,True,200,,False,404,"{""detail"":""Not Found""}"
1771032370.019528,2026-02-14T01:26:10.019528+00:00,390.0,824178,True,384.816,4230.535,0,0,0,0,192384,20.77,1,True,200,,False,404,"{""detail"":""Not Found""}"
1771032400.019621,2026-02-14T01:26:40.019621+00:00,420.0,824178,True,384.816,4230.535,0,0,0,0,192384,20.77,1,True,200,,False,404,"{""detail"":""Not Found""}"
1771032430.019553,2026-02-14T01:27:10.019553+00:00,450.0,824178,True,384.371,4230.535,0,0,0,0,192384,20.77,1,True,200,,False,404,"{""detail"":""Not Found""}"
1771032460.019718,2026-02-14T01:27:40.019718+00:00,480.0,824178,True,384.371,4230.535,0,0,0,0,192384,20.77,1,True,200,,False,404,"{""detail"":""Not Found""}"
1771032490.027852,2026-02-14T01:28:10.027852+00:00,510.0,824178,True,384.371,4230.535,0,0,0,3,192192,20.77,1,True,200,,False,404,"{""detail"":""Not Found""}"
1771032520.01971,2026-02-14T01:28:40.019710+00:00,540.0,824178,True,383.805,4230.535,0,0,0,0,192384,20.77,1,True,200,,False,404,"{""detail"":""Not Found""}"
1771032550.019865,2026-02-14T01:29:10.019865+00:00,570.0,824178,True,383.805,4230.535,0,0,0,0,192384,20.77,1,True,200,,False,404,"{""detail"":""Not Found""}"
1771032580.019694,2026-02-14T01:29:40.019694+00:00,600.0,824178,True,383.172,4230.535,0,0,0,0,192384,20.77,1,True,200,,False,404,"{""detail"":""Not Found""}"
1771032610.019747,2026-02-14T01:30:10.019747+00:00,630.0,824178,True,383.172,4230.535,0,0,0,0,192384,20.77,1,True,200,,False,404,"{""detail"":""Not Found""}"
1771032640.01995,2026-02-14T01:30:40.019950+00:00,660.0,824178,True,382.805,4230.535,0,0,0,0,192384,20.77,1,True,200,,False,404,"{""detail"":""Not Found""}"
1771032670.019879,2026-02-14T01:31:10.019879+00:00,690.0,824178,True,382.422,4230.535,0,0,0,0,192384,20.77,1,True,200,,False,404,"{""detail"":""Not Found""}"
1771032700.019871,2026-02-14T01:31:40.019871+00:00,720.0,824178,True,382.047,4230.535,0,0,0,0,192384,20.77,1,True,200,,False,404,"{""detail"":""Not Found""}"
1771032730.020069,2026-02-14T01:32:10.020069+00:00,750.0,824178,True,382.047,4230.535,0,0,0,0,192384,20.77,1,True,200,,False,404,"{""detail"":""Not Found""}"
1771032760.019754,2026-02-14T01:32:40.019754+00:00,780.0,824178,True,381.633,4230.535,0,0,0,0,192384,20.77,1,True,200,,False,404,"{""detail"":""Not Found""}"
1771032790.01973,2026-02-14T01:33:10.019730+00:00,810.0,824178,True,381.227,4230.535,0,0,0,0,192384,20.77,1,True,200,,False,404,"{""detail"":""Not Found""}"
1771032820.019632,2026-02-14T01:33:40.019632+00:00,840.0,824178,True,381.227,4230.535,0,0,0,0,192384,20.77,1,True,200,,False,404,"{""detail"":""Not Found""}"
1771032850.019659,2026-02-14T01:34:10.019659+00:00,870.0,824178,True,380.773,4230.535,0,0,0,0,192384,20.77,1,True,200,,False,404,"{""detail"":""Not Found""}"
1771032880.01952,2026-02-14T01:34:40.019520+00:00,900.0,824178,True,380.273,4230.535,0,0,0,0,192384,20.77,1,True,200,,False,404,"{""detail"":""Not Found""}"
1771032910.019693,2026-02-14T01:35:10.019693+00:00,930.0,824178,True,380.273,4230.535,0,0,0,0,192384,20.77,1,True,200,,False,404,"{""detail"":""Not Found""}"
1771032940.033363,2026-02-14T01:35:40.033363+00:00,960.0,824178,True,379.766,4230.535,0,0,0,6,192000,20.77,1,True,200,,False,404,"{""detail"":""Not Found""}"
1771032970.019862,2026-02-14T01:36:10.019862+00:00,990.0,824178,True,379.199,4230.535,0,0,0,0,192384,20.77,1,True,200,,False,404,"{""detail"":""Not Found""}"
1771033000.032655,2026-02-14T01:36:40.032655+00:00,1020.0,824178,True,379.199,4230.535,0,0,0,5,192064,20.77,1,True,200,,False,404,"{""detail"":""Not Found""}"
1771033030.019473,2026-02-14T01:37:10.019473+00:00,1050.0,824178,True,378.559,4230.535,0,0,0,0,192384,20.77,1,True,200,,False,404,"{""detail"":""Not Found""}"
1771033060.019827,2026-02-14T01:37:40.019827+00:00,1080.0,824178,True,378.559,4230.535,0,0,0,0,192384,20.77,1,True,200,,False,404,"{""detail"":""Not Found""}"
1771033090.019722,2026-02-14T01:38:10.019722+00:00,1110.0,824178,True,378.559,4230.535,0,0,0,0,192384,20.77,1,True,200,,False,404,"{""detail"":""Not Found""}"
1771033120.019738,2026-02-14T01:38:40.019738+00:00,1140.0,824178,True,377.707,4230.535,0,0,0,0,192384,20.77,1,True,200,,False,404,"{""detail"":""Not Found""}"
1771033150.01949,2026-02-14T01:39:10.019490+00:00,1170.0,824178,True,377.707,4230.535,0,0,0,0,192384,20.77,1,True,200,,False,404,"{""detail"":""Not Found""}"
1771033180.02057,2026-02-14T01:39:40.020570+00:00,1200.0,824178,True,377.707,4230.535,0,0,0,4,192128,20.77,1,True,200,,False,404,"{""detail"":""Not Found""}"
1771033210.022302,2026-02-14T01:40:10.022302+00:00,1230.0,824178,True,376.816,4230.535,0,0,0,0,192384,20.77,1,True,200,,False,404,"{""detail"":""Not Found""}"
1771033240.019922,2026-02-14T01:40:40.019922+00:00,1260.0,824178,True,376.816,4230.535,0,0,0,0,192384,20.77,1,True,200,,False,404,"{""detail"":""Not Found""}"
1771033270.01961,2026-02-14T01:41:10.019610+00:00,1290.0,824178,True,376.816,4230.535,0,0,0,0,192384,20.77,1,True,200,,False,404,"{""detail"":""Not Found""}"
1771033300.019589,2026-02-14T01:41:40.019589+00:00,1320.0,824178,True,375.16,4230.535,0,0,0,0,192384,20.77,1,True,200,,False,404,"{""detail"":""Not Found""}"
1771033330.01974,2026-02-14T01:42:10.019740+00:00,1350.0,824178,True,375.16,4230.535,0,0,0,0,192384,20.77,1,True,200,,False,404,"{""detail"":""Not Found""}"
1771033360.02395,2026-02-14T01:42:40.023950+00:00,1380.0,824178,True,375.16,4230.535,0,0,0,4,192128,20.77,1,True,200,,False,404,"{""detail"":""Not Found""}"
1771033390.019531,2026-02-14T01:43:10.019531+00:00,1410.0,824178,True,375.16,4230.535,0,0,0,0,192384,20.77,1,True,200,,False,404,"{""detail"":""Not Found""}"
1771033420.019615,2026-02-14T01:43:40.019615+00:00,1440.0,824178,True,375.16,4230.535,0,0,0,0,192384,20.77,1,True,200,,False,404,"{""detail"":""Not Found""}"
1771033450.020476,2026-02-14T01:44:10.020476+00:00,1470.0,824178,True,375.16,4230.535,0,0,0,0,192384,20.77,1,True,200,,False,404,"{""detail"":""Not Found""}"
1771033480.01964,2026-02-14T01:44:40.019640+00:00,1500.0,824178,True,375.16,4230.535,0,0,0,0,192384,20.77,1,True,200,,False,404,"{""detail"":""Not Found""}"
1771033510.019579,2026-02-14T01:45:10.019579+00:00,1530.0,824178,True,375.16,4230.535,0,0,0,0,192384,20.77,1,True,200,,False,404,"{""detail"":""Not Found""}"
1771033540.019485,2026-02-14T01:45:40.019485+00:00,1560.0,824178,True,375.16,4230.535,0,0,0,0,192384,20.77,1,True,200,,False,404,"{""detail"":""Not Found""}"
1771033570.019295,2026-02-14T01:46:10.019295+00:00,1590.0,824178,True,375.16,4230.535,0,0,0,0,192384,20.77,1,True,200,,False,404,"{""detail"":""Not Found""}"
1771033600.019551,2026-02-14T01:46:40.019551+00:00,1620.0,824178,True,374.738,4230.535,0,0,0,0,192384,20.77,1,True,200,,False,404,"{""detail"":""Not Found""}"
1771033630.019647,2026-02-14T01:47:10.019647+00:00,1650.0,824178,True,374.738,4230.535,0,0,0,0,192384,20.77,1,True,200,,False,404,"{""detail"":""Not Found""}"
1771033660.019751,2026-02-14T01:47:40.019751+00:00,1680.0,824178,True,374.078,4230.535,0,0,0,0,192384,20.77,1,True,200,,False,404,"{""detail"":""Not Found""}"
1771033690.019545,2026-02-14T01:48:10.019545+00:00,1710.0,824178,True,371.812,4230.535,0,0,0,0,192384,20.77,1,True,200,,False,404,"{""detail"":""Not Found""}"
1771033720.019483,2026-02-14T01:48:40.019483+00:00,1740.0,824178,True,371.812,4230.535,0,0,0,0,192384,20.77,1,True,200,,False,404,"{""detail"":""Not Found""}"
1771033750.036199,2026-02-14T01:49:10.036199+00:00,1770.0,824178,True,371.812,4230.535,1,0,1,0,192384,20.77,1,True,200,,False,404,"{""detail"":""Not Found""}"
1771033780.019519,2026-02-14T01:49:40.019519+00:00,1800.0,824178,True,371.812,4230.535,0,0,0,0,192384,20.77,1,True,200,,False,404,"{""detail"":""Not Found""}"
1771033810.034788,2026-02-14T01:50:10.034788+00:00,1830.0,824178,True,371.812,4230.535,1,0,1,0,192384,20.77,1,True,200,,False,404,"{""detail"":""Not Found""}"
1771033840.01958,2026-02-14T01:50:40.019580+00:00,1860.0,824178,True,371.812,4230.535,0,0,0,0,192384,20.77,1,True,200,,False,404,"{""detail"":""Not Found""}"
1771033870.019311,2026-02-14T01:51:10.019311+00:00,1890.0,824178,True,371.812,4230.535,0,0,0,0,192384,20.77,1,True,200,,False,404,"{""detail"":""Not Found""}"
1771033900.019778,2026-02-14T01:51:40.019778+00:00,1920.0,824178,True,371.812,4230.535,0,0,0,0,192384,20.77,1,True,200,,False,404,"{""detail"":""Not Found""}"
1771033930.019629,2026-02-14T01:52:10.019629+00:00,1950.0,824178,True,371.812,4230.535,0,0,0,0,192384,20.77,1,True,200,,False,404,"{""detail"":""Not Found""}"
1771033960.019496,2026-02-14T01:52:40.019496+00:00,1980.0,824178,True,371.812,4230.535,0,0,0,0,192384,20.77,1,True,200,,False,404,"{""detail"":""Not Found""}"
1771033990.019827,2026-02-14T01:53:10.019827+00:00,2010.0,824178,True,368.922,4230.535,0,0,0,0,192384,20.77,1,True,200,,False,404,"{""detail"":""Not Found""}"
1771034020.019711,2026-02-14T01:53:40.019711+00:00,2040.0,824178,True,368.922,4230.535,0,0,0,0,192384,20.77,1,True,200,,False,404,"{""detail"":""Not Found""}"
1771034050.019434,2026-02-14T01:54:10.019434+00:00,2070.0,824178,True,368.922,4230.535,0,0,0,0,192384,20.77,1,True,200,,False,404,"{""detail"":""Not Found""}"
1771034080.019811,2026-02-14T01:54:40.019811+00:00,2100.0,824178,True,368.922,4230.535,0,0,0,0,192384,20.77,1,True,200,,False,404,"{""detail"":""Not Found""}"
1771034110.019543,2026-02-14T01:55:10.019543+00:00,2130.0,824178,True,368.922,4230.535,0,0,0,0,192384,20.77,1,True,200,,False,404,"{""detail"":""Not Found""}"
1771034140.019924,2026-02-14T01:55:40.019924+00:00,2160.0,824178,True,368.922,4230.535,0,0,0,0,192384,20.77,1,True,200,,False,404,"{""detail"":""Not Found""}"
1771034170.019721,2026-02-14T01:56:10.019721+00:00,2190.0,824178,True,368.922,4230.535,0,0,0,0,192384,20.77,1,True,200,,False,404,"{""detail"":""Not Found""}"
1771034200.01966,2026-02-14T01:56:40.019660+00:00,2220.0,824178,True,368.922,4230.535,0,0,0,0,192384,20.77,1,True,200,,False,404,"{""detail"":""Not Found""}"
1771034230.019525,2026-02-14T01:57:10.019525+00:00,2250.0,824178,True,368.922,4230.535,0,0,0,0,192384,20.77,1,True,200,,False,404,"{""detail"":""Not Found""}"
1771034260.019555,2026-02-14T01:57:40.019555+00:00,2280.0,824178,True,368.922,4230.535,0,0,0,0,192384,20.77,1,True,200,,False,404,"{""detail"":""Not Found""}"
1771034290.019345,2026-02-14T01:58:10.019345+00:00,2310.0,824178,True,365.289,4230.535,0,0,0,0,192384,20.77,1,True,200,,False,404,"{""detail"":""Not Found""}"
1771034320.019682,2026-02-14T01:58:40.019682+00:00,2340.0,824178,True,365.289,4230.535,0,0,0,0,192384,20.77,1,True,200,,False,404,"{""detail"":""Not Found""}"
1771034350.019563,2026-02-14T01:59:10.019563+00:00,2370.0,824178,True,365.289,4230.535,0,0,0,0,192384,20.77,1,True,200,,False,404,"{""detail"":""Not Found""}"
1771034380.027431,2026-02-14T01:59:40.027431+00:00,2400.0,824178,True,365.289,4230.535,0,0,0,7,191936,20.77,1,True,200,,False,404,"{""detail"":""Not Found""}"
1771034410.01953,2026-02-14T02:00:10.019530+00:00,2430.0,824178,True,365.289,4230.535,0,0,0,0,192384,20.77,1,True,200,,False,404,"{""detail"":""Not Found""}"
1771034440.019668,2026-02-14T02:00:40.019668+00:00,2460.0,824178,True,365.289,4230.535,0,0,0,0,192384,20.77,1,True,200,,False,404,"{""detail"":""Not Found""}"
1771034470.019664,2026-02-14T02:01:10.019664+00:00,2490.0,824178,True,365.289,4230.535,0,0,0,0,192384,20.77,1,True,200,,False,404,"{""detail"":""Not Found""}"
1771034500.019614,2026-02-14T02:01:40.019614+00:00,2520.0,824178,True,365.289,4230.535,0,0,0,0,192384,20.77,1,True,200,,False,404,"{""detail"":""Not Found""}"
1771034530.029808,2026-02-14T02:02:10.029808+00:00,2550.0,824178,True,365.289,4230.535,0,0,0,5,192064,20.77,1,True,200,,False,404,"{""detail"":""Not Found""}"
1771034560.019483,2026-02-14T02:02:40.019483+00:00,2580.0,824178,True,365.289,4230.535,0,0,0,0,192384,20.77,1,True,200,,False,404,"{""detail"":""Not Found""}"
1771034590.019541,2026-02-14T02:03:10.019541+00:00,2610.0,824178,True,365.289,4230.535,0,0,0,0,192384,20.77,1,True,200,,False,404,"{""detail"":""Not Found""}"
1771034620.033989,2026-02-14T02:03:40.033989+00:00,2640.0,824178,True,365.289,4230.535,0,0,0,5,192064,20.77,1,True,200,,False,404,"{""detail"":""Not Found""}"
1771034650.01973,2026-02-14T02:04:10.019730+00:00,2670.0,824178,True,362.773,4230.535,0,0,0,0,192384,20.77,1,True,200,,False,404,"{""detail"":""Not Found""}"
1771034680.020226,2026-02-14T02:04:40.020226+00:00,2700.0,824178,True,362.773,4230.535,6,0,6,6,192000,20.77,1,True,200,,False,404,"{""detail"":""Not Found""}"
1771034710.019303,2026-02-14T02:05:10.019303+00:00,2730.0,824178,True,362.773,4230.535,0,0,0,0,192384,20.77,1,True,200,,False,404,"{""detail"":""Not Found""}"
1771034740.019359,2026-02-14T02:05:40.019359+00:00,2760.0,824178,True,362.773,4230.535,0,0,0,0,192384,20.77,1,True,200,,False,404,"{""detail"":""Not Found""}"
1771034770.019366,2026-02-14T02:06:10.019366+00:00,2790.0,824178,True,362.773,4230.535,0,0,0,0,192384,20.77,1,True,200,,False,404,"{""detail"":""Not Found""}"
1771034800.019277,2026-02-14T02:06:40.019277+00:00,2820.0,824178,True,362.773,4230.535,0,0,0,0,192384,20.77,1,True,200,,False,404,"{""detail"":""Not Found""}"
1771034830.019385,2026-02-14T02:07:10.019385+00:00,2850.0,824178,True,362.773,4230.535,0,0,0,0,192384,20.77,1,True,200,,False,404,"{""detail"":""Not Found""}"
1771034860.019379,2026-02-14T02:07:40.019379+00:00,2880.0,824178,True,362.773,4230.535,0,0,0,0,192384,20.77,1,True,200,,False,404,"{""detail"":""Not Found""}"
1771034890.029487,2026-02-14T02:08:10.029487+00:00,2910.0,824178,True,362.773,4230.535,0,0,0,6,192000,20.77,1,True,200,,False,404,"{""detail"":""Not Found""}"
1771034920.019545,2026-02-14T02:08:40.019545+00:00,2940.0,824178,True,362.773,4230.535,0,0,0,0,192384,20.77,1,True,200,,False,404,"{""detail"":""Not Found""}"
1771034950.01951,2026-02-14T02:09:10.019510+00:00,2970.0,824178,True,356.344,4230.535,0,0,0,0,192384,20.77,1,True,200,,False,404,"{""detail"":""Not Found""}"
1771034980.024582,2026-02-14T02:09:40.024582+00:00,3000.0,824178,True,356.344,4230.535,0,0,0,4,192128,20.77,1,True,200,,False,404,"{""detail"":""Not Found""}"
1771035010.020185,2026-02-14T02:10:10.020185+00:00,3030.0,824178,True,356.344,4230.535,8,0,8,4,192128,20.77,1,True,200,,False,404,"{""detail"":""Not Found""}"
1771035040.019551,2026-02-14T02:10:40.019551+00:00,3060.0,824178,True,356.344,4230.535,0,0,0,0,192384,20.77,1,True,200,,False,404,"{""detail"":""Not Found""}"
1771035070.019668,2026-02-14T02:11:10.019668+00:00,3090.0,824178,True,356.344,4230.535,0,0,0,0,192384,20.77,1,True,200,,False,404,"{""detail"":""Not Found""}"
1771035100.019587,2026-02-14T02:11:40.019587+00:00,3120.0,824178,True,356.344,4230.535,0,0,0,0,192384,20.77,1,True,200,,False,404,"{""detail"":""Not Found""}"
1771035130.019565,2026-02-14T02:12:10.019565+00:00,3150.0,824178,True,356.344,4230.535,0,0,0,0,192384,20.77,1,True,200,,False,404,"{""detail"":""Not Found""}"
1771035160.019529,2026-02-14T02:12:40.019529+00:00,3180.0,824178,True,356.344,4230.535,0,0,0,0,192384,20.77,1,True,200,,False,404,"{""detail"":""Not Found""}"
1771035190.022219,2026-02-14T02:13:10.022219+00:00,3210.0,824178,True,356.344,4230.535,0,0,0,0,192384,20.77,1,True,200,,False,404,"{""detail"":""Not Found""}"
1771035220.019855,2026-02-14T02:13:40.019855+00:00,3240.0,824178,True,356.344,4230.535,0,0,0,0,192384,20.77,1,True,200,,False,404,"{""detail"":""Not Found""}"
1771035250.019639,2026-02-14T02:14:10.019639+00:00,3270.0,824178,True,356.344,4230.535,0,0,0,0,192384,20.77,1,True,200,,False,404,"{""detail"":""Not Found""}"
1771035280.01942,2026-02-14T02:14:40.019420+00:00,3300.0,824178,True,356.344,4230.535,0,0,0,0,192384,20.77,1,True,200,,False,404,"{""detail"":""Not Found""}"
1771035310.019385,2026-02-14T02:15:10.019385+00:00,3330.0,824178,True,356.344,4230.535,0,0,0,0,192384,20.77,1,True,200,,False,404,"{""detail"":""Not Found""}"
1771035340.01929,2026-02-14T02:15:40.019290+00:00,3360.0,824178,True,356.344,4230.535,0,0,0,0,192384,20.77,1,True,200,,False,404,"{""detail"":""Not Found""}"
1771035370.019425,2026-02-14T02:16:10.019425+00:00,3390.0,824178,True,356.344,4230.535,0,0,0,0,192384,20.77,1,True,200,,False,404,"{""detail"":""Not Found""}"
1771035400.019297,2026-02-14T02:16:40.019297+00:00,3420.0,824178,True,356.344,4230.535,0,0,0,0,192384,20.77,1,True,200,,False,404,"{""detail"":""Not Found""}"
1771035430.019362,2026-02-14T02:17:10.019362+00:00,3450.0,824178,True,356.344,4230.535,0,0,0,0,192384,20.77,1,True,200,,False,404,"{""detail"":""Not Found""}"
1771035460.01949,2026-02-14T02:17:40.019490+00:00,3480.0,824178,True,356.344,4230.535,0,0,0,0,192384,20.77,1,True,200,,False,404,"{""detail"":""Not Found""}"
1771035490.019602,2026-02-14T02:18:10.019602+00:00,3510.0,824178,True,356.344,4230.535,0,0,0,0,192384,20.77,1,True,200,,False,404,"{""detail"":""Not Found""}"
1771035520.019443,2026-02-14T02:18:40.019443+00:00,3540.0,824178,True,356.344,4230.535,0,0,0,0,192384,20.77,1,True,200,,False,404,"{""detail"":""Not Found""}"
1771035550.019444,2026-02-14T02:19:10.019444+00:00,3570.0,824178,True,356.344,4230.535,0,0,0,0,192384,20.77,1,True,200,,False,404,"{""detail"":""Not Found""}"
1771035580.019492,2026-02-14T02:19:40.019492+00:00,3600.0,824178,True,356.344,4230.535,0,0,0,0,192384,20.77,1,True,200,,False,404,"{""detail"":""Not Found""}"
1771035610.019726,2026-02-14T02:20:10.019726+00:00,3630.0,824178,True,356.344,4230.535,0,0,0,0,192384,20.77,1,True,200,,False,404,"{""detail"":""Not Found""}"
1771035640.019705,2026-02-14T02:20:40.019705+00:00,3660.0,824178,True,356.344,4230.535,0,0,0,0,192384,20.77,1,True,200,,False,404,"{""detail"":""Not Found""}"
1771035670.019484,2026-02-14T02:21:10.019484+00:00,3690.0,824178,True,356.344,4230.535,0,0,0,0,192384,20.77,1,True,200,,False,404,"{""detail"":""Not Found""}"
1771035700.019736,2026-02-14T02:21:40.019736+00:00,3720.0,824178,True,356.344,4230.535,0,0,0,0,192384,20.77,1,True,200,,False,404,"{""detail"":""Not Found""}"
1771035730.039732,2026-02-14T02:22:10.039732+00:00,3750.0,824178,True,356.344,4230.535,0,0,0,0,192384,20.77,1,True,200,,False,404,"{""detail"":""Not Found""}"
1771035760.019764,2026-02-14T02:22:40.019764+00:00,3780.0,824178,True,356.312,4230.535,0,0,0,0,192384,20.77,1,True,200,,False,404,"{""detail"":""Not Found""}"
1771035790.019605,2026-02-14T02:23:10.019605+00:00,3810.0,824178,True,356.312,4230.535,0,0,0,0,192384,20.77,1,True,200,,False,404,"{""detail"":""Not Found""}"
1771035820.019714,2026-02-14T02:23:40.019714+00:00,3840.0,824178,True,356.312,4230.535,0,0,0,0,192384,20.77,1,True,200,,False,404,"{""detail"":""Not Found""}"
1771035850.019823,2026-02-14T02:24:10.019823+00:00,3870.0,824178,True,356.312,4230.535,0,0,0,0,192384,20.77,1,True,200,,False,404,"{""detail"":""Not Found""}"
1771035880.031832,2026-02-14T02:24:40.031832+00:00,3900.0,824178,True,356.312,4230.535,0,0,0,7,191936,20.77,1,True,200,,False,404,"{""detail"":""Not Found""}"
1771035910.028157,2026-02-14T02:25:10.028157+00:00,3930.0,824178,True,356.312,4230.535,0,0,0,6,192000,20.77,1,True,200,,False,404,"{""detail"":""Not Found""}"
1771035940.019587,2026-02-14T02:25:40.019587+00:00,3960.0,824178,True,356.312,4230.535,0,0,0,0,192384,20.77,1,True,200,,False,404,"{""detail"":""Not Found""}"
1771035970.019989,2026-02-14T02:26:10.019989+00:00,3990.0,824178,True,356.312,4230.535,0,0,0,0,192384,20.77,1,True,200,,False,404,"{""detail"":""Not Found""}"
1771036000.019798,2026-02-14T02:26:40.019798+00:00,4020.0,824178,True,356.312,4230.535,0,0,0,0,192384,20.77,1,True,200,,False,404,"{""detail"":""Not Found""}"
1771036030.020024,2026-02-14T02:27:10.020024+00:00,4050.0,824178,True,356.312,4230.535,0,0,0,0,192384,20.77,1,True,200,,False,404,"{""detail"":""Not Found""}"
1771036060.019125,2026-02-14T02:27:40.019125+00:00,4080.0,824178,True,356.312,4230.535,0,0,0,0,192384,20.77,1,True,200,,False,404,"{""detail"":""Not Found""}"
1771036090.019825,2026-02-14T02:28:10.019825+00:00,4110.0,824178,True,356.312,4230.535,0,0,0,0,192384,20.77,1,True,200,,False,404,"{""detail"":""Not Found""}"
1771036120.019729,2026-02-14T02:28:40.019729+00:00,4140.0,824178,True,356.312,4230.535,0,0,0,0,192384,20.77,1,True,200,,False,404,"{""detail"":""Not Found""}"
1771036150.019749,2026-02-14T02:29:10.019749+00:00,4170.0,824178,True,356.312,4230.535,0,0,0,0,192384,20.77,1,True,200,,False,404,"{""detail"":""Not Found""}"
1771036180.019735,2026-02-14T02:29:40.019735+00:00,4200.0,824178,True,356.312,4230.535,0,0,0,0,192384,20.77,1,True,200,,False,404,"{""detail"":""Not Found""}"
1771036210.019668,2026-02-14T02:30:10.019668+00:00,4230.0,824178,True,356.312,4230.535,0,0,0,0,192384,20.77,1,True,200,,False,404,"{""detail"":""Not Found""}"
1771036240.019958,2026-02-14T02:30:40.019958+00:00,4260.0,824178,True,356.312,4230.535,0,0,0,0,192384,20.77,1,True,200,,False,404,"{""detail"":""Not Found""}"
1771036270.019741,2026-02-14T02:31:10.019741+00:00,4290.0,824178,True,356.312,4230.535,0,0,0,0,192384,20.77,1,True,200,,False,404,"{""detail"":""Not Found""}"
1771036300.019516,2026-02-14T02:31:40.019516+00:00,4320.0,824178,True,356.312,4230.535,0,0,0,0,192384,20.77,1,True,200,,False,404,"{""detail"":""Not Found""}"
1771036330.019639,2026-02-14T02:32:10.019639+00:00,4350.0,824178,True,356.312,4230.535,0,0,0,0,192384,20.77,1,True,200,,False,404,"{""detail"":""Not Found""}"
1771036360.019813,2026-02-14T02:32:40.019813+00:00,4380.0,824178,True,356.312,4230.535,0,0,0,0,192384,20.77,1,True,200,,False,404,"{""detail"":""Not Found""}"
1771036390.019553,2026-02-14T02:33:10.019553+00:00,4410.0,824178,True,356.312,4230.535,0,0,0,0,192384,20.77,1,True,200,,False,404,"{""detail"":""Not Found""}"
1771036420.019591,2026-02-14T02:33:40.019591+00:00,4440.0,824178,True,356.312,4230.535,0,0,0,0,192384,20.77,1,True,200,,False,404,"{""detail"":""Not Found""}"
1771036450.019449,2026-02-14T02:34:10.019449+00:00,4470.0,824178,True,356.312,4230.535,0,0,0,0,192384,20.77,1,True,200,,False,404,"{""detail"":""Not Found""}"
1771036480.019511,2026-02-14T02:34:40.019511+00:00,4500.0,824178,True,356.312,4230.535,0,0,0,0,192384,20.77,1,True,200,,False,404,"{""detail"":""Not Found""}"
1771036510.020314,2026-02-14T02:35:10.020314+00:00,4530.0,824178,True,356.312,4230.535,0,0,0,0,192384,20.77,1,True,200,,False,404,"{""detail"":""Not Found""}"
1771036540.019498,2026-02-14T02:35:40.019498+00:00,4560.0,824178,True,356.312,4230.535,0,0,0,0,192384,20.77,1,True,200,,False,404,"{""detail"":""Not Found""}"
1771036570.020234,2026-02-14T02:36:10.020234+00:00,4590.0,824178,True,356.105,4230.535,0,0,0,0,192384,20.77,1,True,200,,False,404,"{""detail"":""Not Found""}"
1771036600.019962,2026-02-14T02:36:40.019962+00:00,4620.0,824178,True,356.105,4230.535,0,0,0,0,192384,20.77,1,True,200,,False,404,"{""detail"":""Not Found""}"
1771036630.01963,2026-02-14T02:37:10.019630+00:00,4650.0,824178,True,356.105,4230.535,0,0,0,0,192384,20.77,1,True,200,,False,404,"{""detail"":""Not Found""}"
1771036660.019752,2026-02-14T02:37:40.019752+00:00,4680.0,824178,True,356.105,4230.535,0,0,0,0,192384,20.77,1,True,200,,False,404,"{""detail"":""Not Found""}"
1771036690.019776,2026-02-14T02:38:10.019776+00:00,4710.0,824178,True,356.105,4230.535,0,0,0,0,192384,20.77,1,True,200,,False,404,"{""detail"":""Not Found""}"
1771036720.019585,2026-02-14T02:38:40.019585+00:00,4740.0,824178,True,356.105,4230.535,0,0,0,0,192384,20.77,1,True,200,,False,404,"{""detail"":""Not Found""}"
1771036750.019469,2026-02-14T02:39:10.019469+00:00,4770.0,824178,True,356.105,4230.535,0,0,0,0,192384,20.77,1,True,200,,False,404,"{""detail"":""Not Found""}"
1771036780.02338,2026-02-14T02:39:40.023380+00:00,4800.0,824178,True,356.105,4230.535,0,0,0,0,192384,20.77,1,True,200,,False,404,"{""detail"":""Not Found""}"
1771036810.019625,2026-02-14T02:40:10.019625+00:00,4830.0,824178,True,356.105,4230.535,0,0,0,0,192384,20.77,1,True,200,,False,404,"{""detail"":""Not Found""}"
1771036840.019758,2026-02-14T02:40:40.019758+00:00,4860.0,824178,True,356.105,4230.535,0,0,0,0,192384,20.77,1,True,200,,False,404,"{""detail"":""Not Found""}"
1771036870.019633,2026-02-14T02:41:10.019633+00:00,4890.0,824178,True,356.105,4230.535,0,0,0,0,192384,20.77,1,True,200,,False,404,"{""detail"":""Not Found""}"
1771036900.019998,2026-02-14T02:41:40.019998+00:00,4920.0,824178,True,356.105,4230.535,0,0,0,0,192384,20.77,1,True,200,,False,404,"{""detail"":""Not Found""}"
1771036930.019701,2026-02-14T02:42:10.019701+00:00,4950.0,824178,True,356.105,4230.535,0,0,0,0,192384,20.77,1,True,200,,False,404,"{""detail"":""Not Found""}"
1771036960.020475,2026-02-14T02:42:40.020475+00:00,4980.0,824178,True,356.105,4230.535,8,0,8,4,192128,20.77,1,True,200,,False,404,"{""detail"":""Not Found""}"
1771036990.023589,2026-02-14T02:43:10.023589+00:00,5010.0,824178,True,356.105,4230.535,0,0,0,4,192128,20.77,1,True,200,,False,404,"{""detail"":""Not Found""}"
1771037020.020176,2026-02-14T02:43:40.020176+00:00,5040.0,824178,True,356.105,4230.535,0,0,0,0,192384,20.77,1,True,200,,False,404,"{""detail"":""Not Found""}"
1771037050.021853,2026-02-14T02:44:10.021853+00:00,5070.0,824178,True,356.105,4230.535,2,0,2,10,191744,20.77,1,True,200,,False,404,"{""detail"":""Not Found""}"
1771037080.019551,2026-02-14T02:44:40.019551+00:00,5100.0,824178,True,356.105,4230.535,0,0,0,0,192384,20.77,1,True,200,,False,404,"{""detail"":""Not Found""}"
1771037110.019428,2026-02-14T02:45:10.019428+00:00,5130.0,824178,True,356.105,4230.535,0,0,0,0,192384,20.77,1,True,200,,False,404,"{""detail"":""Not Found""}"
1771037140.019445,2026-02-14T02:45:40.019445+00:00,5160.0,824178,True,356.105,4230.535,0,0,0,0,192384,20.77,1,True,200,,False,404,"{""detail"":""Not Found""}"
1771037170.019675,2026-02-14T02:46:10.019675+00:00,5190.0,824178,True,356.105,4230.535,0,0,0,0,192384,20.77,1,True,200,,False,404,"{""detail"":""Not Found""}"
1771037200.019328,2026-02-14T02:46:40.019328+00:00,5220.0,824178,True,356.105,4230.535,0,0,0,0,192384,20.77,1,True,200,,False,404,"{""detail"":""Not Found""}"
1771037230.019556,2026-02-14T02:47:10.019556+00:00,5250.0,824178,True,356.105,4230.535,0,0,0,0,192384,20.77,1,True,200,,False,404,"{""detail"":""Not Found""}"
1771037260.01958,2026-02-14T02:47:40.019580+00:00,5280.0,824178,True,356.105,4230.535,0,0,0,0,192384,20.77,1,True,200,,False,404,"{""detail"":""Not Found""}"
1771037290.019446,2026-02-14T02:48:10.019446+00:00,5310.0,824178,True,356.105,4230.535,0,0,0,0,192384,20.77,1,True,200,,False,404,"{""detail"":""Not Found""}"
1771037320.01955,2026-02-14T02:48:40.019550+00:00,5340.0,824178,True,356.105,4230.535,0,0,0,0,192384,20.77,1,True,200,,False,404,"{""detail"":""Not Found""}"
1771037350.019362,2026-02-14T02:49:10.019362+00:00,5370.0,824178,True,356.105,4230.535,0,0,0,0,192384,20.77,1,True,200,,False,404,"{""detail"":""Not Found""}"
1771037380.019612,2026-02-14T02:49:40.019612+00:00,5400.0,824178,True,356.105,4230.535,0,0,0,0,192384,20.77,1,True,200,,False,404,"{""detail"":""Not Found""}"
1771037410.019616,2026-02-14T02:50:10.019616+00:00,5430.0,824178,True,356.281,4230.535,0,0,0,0,192384,20.77,1,True,200,,False,404,"{""detail"":""Not Found""}"
1771037440.019523,2026-02-14T02:50:40.019523+00:00,5460.0,824178,True,356.281,4230.535,0,0,0,0,192384,20.77,1,True,200,,False,404,"{""detail"":""Not Found""}"
1771037470.019529,2026-02-14T02:51:10.019529+00:00,5490.0,824178,True,356.281,4230.535,0,0,0,0,192384,20.77,1,True,200,,False,404,"{""detail"":""Not Found""}"
1771037500.019317,2026-02-14T02:51:40.019317+00:00,5520.0,824178,True,356.281,4230.535,0,0,0,0,192384,20.77,1,True,200,,False,404,"{""detail"":""Not Found""}"
1771037530.020235,2026-02-14T02:52:10.020235+00:00,5550.0,824178,True,356.281,4230.535,0,0,0,0,192384,20.77,1,True,200,,False,404,"{""detail"":""Not Found""}"
1771037560.019646,2026-02-14T02:52:40.019646+00:00,5580.0,824178,True,356.281,4230.535,0,0,0,0,192384,20.77,1,True,200,,False,404,"{""detail"":""Not Found""}"
1771037590.019519,2026-02-14T02:53:10.019519+00:00,5610.0,824178,True,356.281,4230.535,0,0,0,0,192384,20.77,1,True,200,,False,404,"{""detail"":""Not Found""}"
1771037620.019656,2026-02-14T02:53:40.019656+00:00,5640.0,824178,True,356.281,4230.535,0,0,0,0,192384,20.77,1,True,200,,False,404,"{""detail"":""Not Found""}"
1771037650.029841,2026-02-14T02:54:10.029841+00:00,5670.0,824178,True,356.281,4230.535,0,0,0,4,192128,20.77,1,True,200,,False,404,"{""detail"":""Not Found""}"
1771037680.019415,2026-02-14T02:54:40.019415+00:00,5700.0,824178,True,356.281,4230.535,0,0,0,0,192384,20.77,1,True,200,,False,404,"{""detail"":""Not Found""}"
1771037710.019443,2026-02-14T02:55:10.019443+00:00,5730.0,824178,True,356.281,4230.535,0,0,0,0,192384,20.77,1,True,200,,False,404,"{""detail"":""Not Found""}"
1771037740.019562,2026-02-14T02:55:40.019562+00:00,5760.0,824178,True,356.281,4230.535,0,0,0,0,192384,20.77,1,True,200,,False,404,"{""detail"":""Not Found""}"
1771037770.019479,2026-02-14T02:56:10.019479+00:00,5790.0,824178,True,356.281,4230.535,0,0,0,0,192384,20.77,1,True,200,,False,404,"{""detail"":""Not Found""}"
1771037800.01959,2026-02-14T02:56:40.019590+00:00,5820.0,824178,True,356.281,4230.535,0,0,0,0,192384,20.77,1,True,200,,False,404,"{""detail"":""Not Found""}"
1771037830.019395,2026-02-14T02:57:10.019395+00:00,5850.0,824178,True,356.281,4230.535,0,0,0,0,192384,20.77,1,True,200,,False,404,"{""detail"":""Not Found""}"
1771037860.020137,2026-02-14T02:57:40.020137+00:00,5880.0,824178,True,356.281,4230.535,0,0,0,0,192384,20.77,1,True,200,,False,404,"{""detail"":""Not Found""}"
1771037890.019585,2026-02-14T02:58:10.019585+00:00,5910.0,824178,True,356.281,4230.535,0,0,0,0,192384,20.77,1,True,200,,False,404,"{""detail"":""Not Found""}"
1771037920.019861,2026-02-14T02:58:40.019861+00:00,5940.0,824178,True,356.281,4230.535,3,0,3,9,191808,20.77,1,True,200,,False,404,"{""detail"":""Not Found""}"
1771037950.019685,2026-02-14T02:59:10.019685+00:00,5970.0,824178,True,356.281,4230.535,0,0,0,0,192384,20.77,1,True,200,,False,404,"{""detail"":""Not Found""}"
1771037980.019725,2026-02-14T02:59:40.019725+00:00,6000.0,824178,True,356.281,4230.535,0,0,0,0,192384,20.77,1,True,200,,False,404,"{""detail"":""Not Found""}"
1771038010.019501,2026-02-14T03:00:10.019501+00:00,6030.0,824178,True,356.281,4230.535,0,0,0,0,192384,20.77,1,True,200,,False,404,"{""detail"":""Not Found""}"
1771038040.019394,2026-02-14T03:00:40.019394+00:00,6060.0,824178,True,356.281,4230.535,0,0,0,0,192384,20.77,1,True,200,,False,404,"{""detail"":""Not Found""}"
1771038070.026463,2026-02-14T03:01:10.026463+00:00,6090.0,824178,True,356.281,4230.535,0,0,0,4,192128,20.77,1,True,200,,False,404,"{""detail"":""Not Found""}"
1771038100.019515,2026-02-14T03:01:40.019515+00:00,6120.0,824178,True,356.281,4230.535,0,0,0,0,192384,20.77,1,True,200,,False,404,"{""detail"":""Not Found""}"
1771038130.019557,2026-02-14T03:02:10.019557+00:00,6150.0,824178,True,356.281,4230.535,0,0,0,0,192384,20.77,1,True,200,,False,404,"{""detail"":""Not Found""}"
1771038160.019725,2026-02-14T03:02:40.019725+00:00,6180.0,824178,True,356.281,4230.535,0,0,0,0,192384,20.77,1,True,200,,False,404,"{""detail"":""Not Found""}"
1771038190.019624,2026-02-14T03:03:10.019624+00:00,6210.0,824178,True,356.281,4230.535,0,0,0,0,192384,20.77,1,True,200,,False,404,"{""detail"":""Not Found""}"
1771038220.026543,2026-02-14T03:03:40.026543+00:00,6240.0,824178,True,356.281,4230.535,12,0,12,4,192128,20.77,1,True,200,,False,404,"{""detail"":""Not Found""}"
1771038250.019768,2026-02-14T03:04:10.019768+00:00,6270.0,824178,True,355.949,4230.535,0,0,0,0,192384,20.77,1,True,200,,False,404,"{""detail"":""Not Found""}"
1771038280.020492,2026-02-14T03:04:40.020492+00:00,6300.0,824178,True,355.949,4230.535,0,0,0,0,192384,20.77,1,True,200,,False,404,"{""detail"":""Not Found""}"
1771038310.019685,2026-02-14T03:05:10.019685+00:00,6330.0,824178,True,355.949,4230.535,0,0,0,0,192384,20.77,1,True,200,,False,404,"{""detail"":""Not Found""}"
1771038340.019608,2026-02-14T03:05:40.019608+00:00,6360.0,824178,True,355.949,4230.535,0,0,0,0,192384,20.77,1,True,200,,False,404,"{""detail"":""Not Found""}"
1771038370.019381,2026-02-14T03:06:10.019381+00:00,6390.0,824178,True,355.949,4230.535,0,0,0,0,192384,20.77,1,True,200,,False,404,"{""detail"":""Not Found""}"
1771038400.019529,2026-02-14T03:06:40.019529+00:00,6420.0,824178,True,355.949,4230.535,0,0,0,0,192384,20.77,1,True,200,,False,404,"{""detail"":""Not Found""}"
1771038430.019219,2026-02-14T03:07:10.019219+00:00,6450.0,824178,True,355.949,4230.535,0,0,0,0,192384,20.77,1,True,200,,False,404,"{""detail"":""Not Found""}"
1771038460.019449,2026-02-14T03:07:40.019449+00:00,6480.0,824178,True,355.949,4230.535,0,0,0,0,192384,20.77,1,True,200,,False,404,"{""detail"":""Not Found""}"
1771038490.019572,2026-02-14T03:08:10.019572+00:00,6510.0,824178,True,355.949,4230.535,0,0,0,0,192384,20.77,1,True,200,,False,404,"{""detail"":""Not Found""}"
1771038520.019603,2026-02-14T03:08:40.019603+00:00,6540.0,824178,True,355.949,4230.535,0,0,0,0,192384,20.77,1,True,200,,False,404,"{""detail"":""Not Found""}"
1771038550.02037,2026-02-14T03:09:10.020370+00:00,6570.0,824178,True,355.949,4230.535,0,0,0,0,192384,20.77,1,True,200,,False,404,"{""detail"":""Not Found""}"
1771038580.019496,2026-02-14T03:09:40.019496+00:00,6600.0,824178,True,355.949,4230.535,0,0,0,0,192384,20.77,1,True,200,,False,404,"{""detail"":""Not Found""}"
1771038610.019368,2026-02-14T03:10:10.019368+00:00,6630.0,824178,True,355.949,4230.535,0,0,0,0,192384,20.77,1,True,200,,False,404,"{""detail"":""Not Found""}"
1771038640.019352,2026-02-14T03:10:40.019352+00:00,6660.0,824178,True,355.949,4230.535,0,0,0,0,192384,20.77,1,True,200,,False,404,"{""detail"":""Not Found""}"
1771038670.019523,2026-02-14T03:11:10.019523+00:00,6690.0,824178,True,355.949,4230.535,0,0,0,0,192384,20.77,1,True,200,,False,404,"{""detail"":""Not Found""}"
1771038700.019512,2026-02-14T03:11:40.019512+00:00,6720.0,824178,True,355.949,4230.535,0,0,0,0,192384,20.77,1,True,200,,False,404,"{""detail"":""Not Found""}"
1771038730.019517,2026-02-14T03:12:10.019517+00:00,6750.0,824178,True,355.949,4230.535,0,0,0,0,192384,20.77,1,True,200,,False,404,"{""detail"":""Not Found""}"
1771038760.019629,2026-02-14T03:12:40.019629+00:00,6780.0,824178,True,355.949,4230.535,0,0,0,0,192384,20.77,1,True,200,,False,404,"{""detail"":""Not Found""}"
1771038790.019328,2026-02-14T03:13:10.019328+00:00,6810.0,824178,True,355.949,4230.535,0,0,0,0,192384,20.77,1,True,200,,False,404,"{""detail"":""Not Found""}"
1771038820.019588,2026-02-14T03:13:40.019588+00:00,6840.0,824178,True,355.949,4230.535,0,0,0,0,192384,20.77,1,True,200,,False,404,"{""detail"":""Not Found""}"
1771038850.025692,2026-02-14T03:14:10.025692+00:00,6870.0,824178,True,355.949,4230.535,0,0,0,8,191872,20.77,1,True,200,,False,404,"{""detail"":""Not Found""}"
1771038880.019458,2026-02-14T03:14:40.019458+00:00,6900.0,824178,True,355.949,4230.535,0,0,0,0,192384,20.77,1,True,200,,False,404,"{""detail"":""Not Found""}"
1771038910.019323,2026-02-14T03:15:10.019323+00:00,6930.0,824178,True,355.949,4230.535,0,0,0,0,192384,20.77,1,True,200,,False,404,"{""detail"":""Not Found""}"
1771038940.019527,2026-02-14T03:15:40.019527+00:00,6960.0,824178,True,355.949,4230.535,0,0,0,0,192384,20.77,1,True,200,,False,404,"{""detail"":""Not Found""}"
1771038970.0195,2026-02-14T03:16:10.019500+00:00,6990.0,824178,True,355.949,4230.535,0,0,0,0,192384,20.77,1,True,200,,False,404,"{""detail"":""Not Found""}"
1771039000.019408,2026-02-14T03:16:40.019408+00:00,7020.0,824178,True,355.949,4230.535,0,0,0,0,192384,20.77,1,True,200,,False,404,"{""detail"":""Not Found""}"
1771039030.019334,2026-02-14T03:17:10.019334+00:00,7050.0,824178,True,355.949,4230.535,0,0,0,0,192384,20.77,1,True,200,,False,404,"{""detail"":""Not Found""}"
1771039060.01937,2026-02-14T03:17:40.019370+00:00,7080.0,824178,True,355.949,4230.535,0,0,0,0,192384,20.77,1,True,200,,False,404,"{""detail"":""Not Found""}"
1771039090.019728,2026-02-14T03:18:10.019728+00:00,7110.0,824178,True,355.949,4230.535,0,0,0,0,192384,20.77,1,True,200,,False,404,"{""detail"":""Not Found""}"
1771039120.019737,2026-02-14T03:18:40.019737+00:00,7140.0,824178,True,355.758,4230.535,0,0,0,0,192384,20.77,1,True,200,,False,404,"{""detail"":""Not Found""}"
1771039150.019164,2026-02-14T03:19:10.019164+00:00,7170.0,824178,True,355.758,4230.535,0,0,0,0,192384,20.77,1,True,200,,False,404,"{""detail"":""Not Found""}"
